:020000040800F2
:10000000401D002005010008B54F00088F41000881
:10001000914E000865120008795E0008000000009B
:10002000000000000000000000000000F75400087D
:10003000BB13000800000000155300088D55000890
:100040001F0100081F0100081F0100081F01000810
:100050001F0100081F0100081F0100081F01000800
:100060001F0100081F0100081F0100081F010008F0
:100070001F010008851300081F0100081F01000868
:100080001F0100081F0100081F0100081F010008D0
:10009000B95D00081F0100081F0100081F010008CA
:1000A0001F0100080D5600081F0100081F0100086D
:1000B000195600082D5600084D5600081F0100086B
:1000C0001F0100081F0100081F0100081F01000890
:1000D0001F0100081F0100085D5D0008A15D000808
:1000E0001F0100081F0100081F010008DFF810D0E1
:1000F00000F076FE004800479D7B0008AFF30080CB
:10010000401D00200648804706480047FEE7FEE7FE
:10011000FEE7FEE7FEE7FEE7FEE7FEE7FEE7FEE7B7
:1001200009560008ED000008202A04DB203A21FAD5
:1001300002F00021704721FA02F3D040C2F1200200
:100140009140084319467047A0F14101192900D890
:100150002030704740EA01039B0703D009E008C93B
:10016000121F08C0042AFAD203E011F8013B00F87C
:10017000013B521EF9D27047D2B201E000F8012BC8
:10018000491EFBD270470022F6E710B513460A4617
:1001900004461946FFF7F0FF204610BD30B505466E
:1001A0002A460B4612F8010B13F8014B08B1A04286
:1001B000F8D01CB1002802D06D1CF1E7284630BDF4
:1001C000421C10F8011B0029FBD1801A704710B5A2
:1001D000002200E0521C835C8C5CA34201D1002B06
:1001E000F8D1D8B2E1B2401A10BD30B504460020B3
:1001F000034600E05B1C934203D2E05CCD5C401BF5
:10020000F8D030BD30B505460020034600E05B1C49
:10021000934205D2EC5CC85C201A01D1002CF6D1C7
:1002200030BD00002DE9FF4F087883B09946FF28C4
:1002300005D0491C2D2804D00024002008E000200F
:100240000BE00124F9E700EB800003EB4000491CC0
:100250000B78FF2BF7D104B14042002302931478AE
:1002600019461D462D2C01D02B2C04D1521C2D2CAF
:1002700013D000240294AA461478FF2C0FD00A252C
:10028000A3FB057801FB05814FF0000C03FB0C116B
:10029000521CE3194AEB0101EEE70124EAE781442D
:1002A00053EA010002D019F5C87F06DA039800214D
:1002B000C0E9001107B0BDE8F08F0025AE4E2F4613
:1002C000DFF8B882184600F067FDCDE90001B9F10A
:1002D000000002DAC9F1000400E004460023A74A46
:1002E0001AEB030B42EB045A12E0E00707D02A4650
:1002F00033463846414600F05CFA074688462A46AF
:1003000033461046194600F054FA05460E4664106E
:10031000002CEAD1DDE90001B9F1000F5A4653463D
:1003200006DA00F0B8FA3A46434600F0B4FA05E0BF
:1003300000F03FFA3A46434600F03BFA029A0AB10F
:1003400081F00041039AC2E90001B3E72DE9FF4FB4
:100350001F468DB0D7E901464FF0FF382E204546A5
:100360004FF000090B90B9696D1C0E988847396AE7
:10037000824688470028F6D1BAF1FF3F0AD024F41C
:10038000D064002E11DDBAF12B0F08D0BAF12D0F79
:100390000BD102E0404611B08DE744F48064B969A6
:1003A0006D1C0E9888478246761E6946600501D509
:1003B0002D2000E02B208DF8000001F1010B0DF144
:1003C000200809E0B9696D1C0E98884782460F988D
:1003D00044F40074761E0560002E02DDBAF1300F81
:1003E000F0D00B998A453ED144F0800406E00F9985
:1003F000681CA9F1010944F400740860B9696D1C16
:10040000761E0E98884782463028F0D02BE00B9954
:100410008A4505D1200603D444F08004761E18E0F6
:10042000504605F079FF08B30DF11301761E44F430
:1004300000748B4508D2AAF130000BF8010B20069E
:1004400007D5A9F1010003E0200602D409F101005B
:100450008146A00502D50F99681C0860B9696D1C1A
:100460000E9888478246002ED1DC53E0002E51DDE5
:10047000BAF1650F02D0BAF1450F4BD1A00549D5AD
:10048000B9696D1C24F44074761E0E988847824624
:10049000002E0CDD2B2804D0BAF12D0F07D144F427
:1004A0008074B9696D1C0E9888478246761EE005F7
:1004B00001D52D2100E02B2108F8011BCDF82C805F
:1004C00021E00DF12901761E44F4007488450CD218
:1004D000AAF1300010F0FF0088F8000002D10B995B
:1004E000884509D908F1010806E0E00501D524484E
:1004F00001E042F20F708146B9696D1C0E98884781
:1005000082460F980560002E04DD504605F004FF7A
:100510000028D6D1F9690E988847FF208BF8000093
:1005200088F800000020069007904B466A4608A90C
:1005300006A8FFF777FEA00502D46FF001002AE7B6
:1005400014F0240F0AD0E00714D1DDE90612386850
:10055000031D3B600068C0E900120BE0DDE9060105
:1005600000F094FA0146E00704D13868021D3A60B1
:100570000068016028460EE7000014400000F03FCC
:10058000F1D8FFFF80EA010210B502F000434000FD
:1005900022D04A001FD0010E01EB1261C0F35600B9
:1005A000C2F3560240F4000042F40002A0FB022015
:1005B00000047F39140400D0401C50EA124001D4DA
:1005C0004000491EC2B20C0604EBD010401C40088B
:1005D000802A02D003E0002010BD20F00100002995
:1005E00000DA0020184310BD30B480EA010202F0A6
:1005F000004530F0004221F0004013D090B1C30D0F
:10060000D40DC2F31601C0F31600E41A41F4000140
:1006100040F400027D34914201D3641C00E04900A3
:10062000002C02DA30BC002070474FF40000002399
:10063000914201D3891A034340084FEA4101F7D19F
:1006400051B1914202D14FF0004105E002D24FF08A
:10065000010101E06FF0010103EBC450284430BCFC
:1006600000F006BB2DE9FE4F804681EA0300C00F73
:100670000C46009021F0004123F00045B8EB020049
:10068000A94105D24046214690461C460B460246EB
:1006900023F00040104347D0270DC7F30A00C3F3EF
:1006A0000A510290401A019040286BDAC3F31300FC
:1006B00040F4801B0098924620B10023D2EB030A3D
:1006C00063EB0B0B01985946C0F14002504600F015
:1006D00040FA06460D4650465946019A00F048FA3F
:1006E00010EB08006141002487EA115284EAE773A5
:1006F0001A4340D0009A62B3019A012A4FEA075286
:1007000015DC001B61EB02014FF0004202EA0752C8
:10071000CDE90042001C41F5801132462B4600F025
:10072000EDFA03B0BDE8F08F40462146F9E7001B23
:1007300061EB0201001C41F5801300185B41201899
:10074000A2F5001747EB030140EAD570B6196D41D9
:1007500011E06D084FEA360645EAC0754FEA0752C8
:10076000001B61EB0201001C41F5801149084FEAB2
:1007700030000019514132462B4603B0BDE8F04F1E
:1007800000F0ADBA0098012240000023D0EB020235
:1007900063EBE073009821464FEAE074B8EB000089
:1007A00061EB0401E9E783F000435BE781F000417E
:1007B00058E72DE9FE4F81EA030404F0004421F0DC
:1007C000004100944FF0000B23F0004350EA010475
:1007D0005ED052EA03045BD0C3F30A54C1F30A5556
:1007E0002C44A4F2F3340194A0FB0254C1F313018E
:1007F00041F48011C3F3130343F4801301FB02445B
:1008000000FB034E840A970A44EA815447EA83575F
:10081000A4FB076802958D0A05FB07854FEA932C18
:1008200004FB0C542705029D4FEA065847EA163789
:10083000B5EB08056EEB070C870E920E47EA8117A1
:1008400042EA8312A7FB0201B6EB0B0164EB000442
:100850002B0D43EA0C335E1844EB1C50DA4651462C
:10086000E7FB0201C5F313044FEA0B3343EA1453C9
:100870004FEA0432019C43EA0603A4F10C040294FB
:10088000009CCDE900B400F039FA03B0BDE8F08F68
:1008900000200146F9E72DE9F04D81EA030404F058
:1008A000004B21F0004514464FF0000A23F00041B0
:1008B00050EA050220D054EA01021DD0C5F30A57C0
:1008C0000246C5F31303C1F31300C1F30A5640F403
:1008D000801543F48013A7EB0608101BD64608F2D8
:1008E000FD3873EB050002D308F1010801E092180E
:1008F0005B41B8F1000F03DA00200146BDE8F08D3E
:1009000000204FF48011064684460EE0171B73EB5F
:10091000050705D3121B63EB050306434CEA010CE4
:1009200049084FEA300092185B4150EA0107EDD1C7
:1009300052EA030012D082EA040083EA0501084368
:1009400005D0101BAB4106D20122002306E0002295
:100950004FF0004302E06FF0010253101AEB060063
:100960004CEB085110EB0A0041EB0B01BDE8F04DD8
:1009700000F0B5B970B521F0004303430CD0C1F3CA
:100980000A550024D5EB040564EB0403D617AD1A11
:10099000B34102DB0020014670BD201841EB02513B
:1009A00070BD96230022114600F06BB90EB540F2DF
:1009B000334102910021CDE900110A460B4600F0B7
:1009C0009DF903B000BD20F00040C10DC0F316003A
:1009D00040F400007F2901DA00207047962903DCEB
:1009E000C1F19601C840704796398840704770B58C
:1009F000C1F30A5201F000450024C1F3130140F293
:100A0000FF3341F480119A4201DA002070BD40F2B8
:100A100033439A42A2F2334203DC5242FFF784FB93
:100A200000E090402C43F1D0404270BD30B5041E30
:100A300071F1000404DB4FF00044404264EB01011B
:100A4000141E73F1000405DB1C464FF000435242B4
:100A500063EB04038B4208BF824230BD30B5041EF5
:100A600071F1000404DB4FF00044404264EB0101EB
:100A7000141E73F1000405DB1C464FF00043524284
:100A800063EB0403994208BF904230BD01F000437C
:100A900030B421F0004150EA010206D00A0DA2F55F
:100AA0006072C1F31301002A02DC30BC00207047E1
:100AB000440F44EAC104C100E01830BC00EBC2504E
:100AC00000F0D6B830B50B460146002020220124A4
:100AD00009E021FA02F59D4205D303FA02F5491B0C
:100AE00004FA02F52844151EA2F10102F1DC30BD22
:100AF0002DE9F05F0546002092469B468846064653
:100B0000814640241BE02846414647462246FFF7DF
:100B10000BFB53465A46C01A914110D31146184652
:100B2000224600F016F82D1A67EB01084F462246C0
:100B30000120002100F00DF817EB00094E41201EA6
:100B4000A4F10104DFDC484631462A464346BDE8AD
:100B5000F09F202A04DB203A00FA02F100207047BF
:100B60009140C2F1200320FA03F3194390407047EB
:100B7000202A06DBCB17203A41FA02F043EAE07361
:100B800006E041FA02F3D040C2F12002914008434E
:100B900019467047426842B1016811F8013B23B120
:100BA000521EC0E90012184670470121C160881E1C
:100BB000704742685AB1C368016843B983688B4281
:100BC00005D0491E521CC0E90012002070474FF0AA
:100BD000FF3070470FB4002300B589B00CA9009115
:100BE0000B996FF00042CB601E4B06931E4B079390
:100BF0000423CDE901321D4A089202466B460020CB
:100C0000FFF7A4FB09B05DF814FB70B586B006468B
:100C10004FF0FF300091CDE90101002015460C4650
:100C200004903246694604A8FFF7D4FF02460498B0
:100C3000211825B108B1084600E020462860049834
:100C400000280DD0002A02DD0098884208D0081B39
:100C50000094CDE901043246694604A8FFF7BAFFC3
:100C600006B070BD950B0008B30B0008050E000818
:100C70000029A8BF7047401C490008BF20F00100B0
:100C8000704710B4B0FA80FC00FA0CF050EA01048E
:100C900004BF10BC704749B1CCF1200421FA04F420
:100CA00011FA0CF118BF012121430843A3EB0C01F9
:100CB000CB1D4FEA00614FEA102042BF002010BC5C
:100CC000704700EBC35010440029A4BF10BC70470C
:100CD000401C490008BF20F0010010BC704710B54F
:100CE000141E73F1000408DA401C41F1000192184F
:100CF0005B411A4301D120F0010010BD2DE9F04DF8
:100D000092469B4611B1B1FA81F202E0B0FA80F24C
:100D100020329046FFF71DFF04460F4640EA0A00C6
:100D200041EA0B0153465A46084313D0114653EA91
:100D3000010019D0C8F140025046FFF7F5F9054609
:100D40000E46504659464246FFF703FF084305D07A
:100D5000012004E020463946BDE8F08D002005431F
:100D600046EAE0762C4337430A986305E40AA0EB91
:100D700008000022FD0A44EA47540A3002D5002048
:100D80000146E9E7010510196941DDE90845001947
:100D90006941BDE8F04DA2E70EB540F23342029240
:100DA0000022CDE900221346FFF7A8FF03B000BDE3
:100DB000C1F30A52C1F3130140F2FF3341F4801131
:100DC0009A4202DA00200146704740F233439A42C9
:100DD000A2F2334202DC5242FFF7A6B9FFF7B9BED6
:100DE000064C074D06E0E06840F0010394E8070078
:100DF00098471034AC42F6D3FFF77CF9E4AF000813
:100E000004B00008C0B24FF4F05100F001B8000087
:100E10007F2801D9002208E0064A02EB5002C007F1
:100E2000127800D1120902F00F0201209040084010
:100E300070470000A2AF000870B58C1810F8015B75
:100E400015F0070301D110F8013B2A1106D110F863
:100E5000012B03E010F8016B01F8016B5B1EF9D167
:100E60002B0705D40023521E0DD401F8013BFAE7ED
:100E700010F8013BCB1A921C03E013F8015B01F858
:100E8000015B521EF9D5A142D8D3002070BD0000ED
:100E900070B5044600688168C943C90717D18168E5
:100EA00021F00101816001F0E3FB05460AE000BF8B
:100EB00001F0DEFB401B022804D920688068C04393
:100EC000C00706D020688068C043C007F0D000206B
:100ED00070BDA06A40F01000A062E06A40F001001E
:100EE000E062012070BD0000F8B5002604460096BF
:100EF00000688168C943C9072DD0816841F00101AC
:100F00008160164816490068B0FBF1F000E0401E11
:100F100000900028FBD101F0ABFB054616E000BFB6
:100F200001F0A6FB401B022810D920688068C0434E
:100F3000C0070BD0A06A40F01000A062E06A40F049
:100F40000100E06284F824600120F8BD2068806818
:100F5000C043C007E4D10020F8BD0000A40B00206E
:100F600040420F002DE9FE4F012407270094CDE9F0
:100F700001476946394800F029FB08B100F086FABC
:100F800000263546354800F0FBFC6421334800F06C
:100F900059FC18B9314800F097FB06446D1CEDB2BE
:100FA0000A2DEFD30A25B6FBF5F0FFF7FFFCDFF8BB
:100FB000B0A04FF066394A465346FFF7FAFBDFF818
:100FC000A4B000225B46FFF766FCFFF75FFD2649F1
:100FD000FFF7D8FAFFF7F7FC244E6946B0811020DE
:100FE0008DE891001D4800F0F1FA08B100F04EFACA
:100FF00000273C464FF47A78184800F0C1FC41467F
:10100000164800F01FFC18B9144800F05DFB0744B7
:10101000641CE4B20A2CEFD3B7FBF5F0FFF7C6FC73
:101020004A465346FFF7C5FB00225B46FFF733FCF9
:101030000F4A104BFFF7BAFB0F4A104BFFF72BFC80
:1010400000220F4BFFF70EFBFFF720FD0649FFF7CD
:1010500099FAFFF7B8FCF081BDE8FE8FA40F0020DD
:1010600066660A4000FEAF400000C84284140020BB
:10107000E17A14AE47E1F63F22FDF675E09C713F40
:10108000000039401CB5BE208DF8040008208DF802
:10109000050000208DF806004FF6FF700090032336
:1010A00001AA7021014801F0D5FC1CBDD40F00201D
:1010B0001CB5282001F0D4F9BE208DF804000820CA
:1010C0008DF8050000208DF806004FF6FF700090A7
:1010D000032301AA7021054801F0BCFC00F0A2F82E
:1010E000000701D4FFF7CEFF1CBD0000D40F002085
:1010F00070B500F019F80A4C084E31466068FFF7E9
:1011000041FAFFF760FC074D314668802068FFF721
:1011100039FAFFF758FCA88070BD00000000C842F3
:10112000000000208414002070B586B000208DF8E7
:1011300000008DF800008DF800008DF800008DF89B
:1011400000008DF80000AC218DF80C1033218DF8D3
:101150000D1004468DF80E004FF6FF75032303AA09
:1011600070212B48009501F075FC502001F078F9B2
:1011700007E0012001F074F92046641CA4B2642841
:1011800003D200F04FF80006F3D4062301AA702121
:101190001F48009501F036FB9DF805009DF80610EC
:1011A0009DF8074041EA002144EA01200009FFF7C9
:1011B000FDFB0022174BFFF7FCFA6FF009063246E1
:1011C000FFF7D8FB3246FFF7D5FBFFF75FFC124D68
:1011D00028609DF808109DF8090041EA042140EAC2
:1011E0000120C0F31300FFF7E1FB00220B4BFFF7D8
:1011F000E0FA3246FFF7BEFB3246FFF7BBFB0022A8
:10120000074BFFF7D0FAFFF741FC686006B070BDEE
:10121000D40F002000005940000000200000694069
:10122000000049401CB54FF6FF700090012301AA51
:101230007021034801F0E6FA9DF804001CBD00008F
:10124000D40F0020064B4FF40051012805D0002890
:1012500005D10022184601F005BA0122FAE77047CD
:1012600000100140FEE7000000B58BB00020012116
:10127000CDE9060105900090019002900390049042
:101280000E20CDE9081069460A4800F053FC08B169
:1012900000F0FCF8074800F031FF08B100F0F6F864
:1012A0000221044800F0CCFB08B100F0EFF80BB0CD
:1012B000002000BD7C0F002030B4D0F89C20D0F876
:1012C000A0404FF0FF3352F8212024F81130C2F330
:1012D00007420121831883F8B010D0F8AC3030BC3D
:1012E000114618472DE9F04F9946DDE90A5A4FF0AB
:1012F000FF3BDDF824C041E0AB1A5BB20C78002B59
:1013000003DD00BF04FA03F403E0C3F1000324FA91
:1013100003F4E6B202DDC5F1080301E0C2F10803FF
:10132000DCB2844200D9044605EB0408FF2707FA23
:1013300008F3C5F10805EF403B439CF800509E437D
:101340001D4035432244D2B28CF80050072A07D9F9
:101350000022B9F1000F01D05B4600E001231944DF
:1013600008F0FF05072D07D90025BAF1000F01D0BD
:101370005B4600E001239C44001BC0B20028BBD1A7
:10138000BDE8F08F014800F05BBF00002013002093
:1013900030B590F840500124AC40C56B6C600468D7
:1013A00063604368102B036803D099600068C260D3
:1013B00030BD9A600068C16030BD7047411C0CD0E0
:1013C0000749B1F90020904201D1521E0A80054A16
:1013D00000EB4000002102F830104FF0FF30704762
:1013E000FC000020AC14002010B50C46034603F0AE
:1013F000BFFF10B14FF0FF3010BDD3F80021521CD9
:10140000D01702EB106020F0FF00101AC3F80001A3
:10141000185C2070002010BD10B50C46034603F088
:10142000AFFF28B109A004F0B3FD4FF0FF3010BDAD
:10143000D3F80421521CD01702EB106020F0FF00FB
:10144000101AC3F804011C54002010BD7175657595
:10145000652069732066756C6C0A00002DE9F04107
:1014600016460D46074600240CE029783846FFF75B
:10147000D3FF002803DA4FF0FF30BDE8F081641C91
:10148000A4B26D1CB442F0D30020F6E772B6FEE7BA
:1014900070B50546D0F83801008818B300242E191D
:1014A00096F8B0000F2818D028680078A04214D011
:1014B00096F8400140B9D5F8342112B121462846AA
:1014C0009047012086F8B00096F840012146401E62
:1014D00086F84001284606F0F5FB641CE4B2802C37
:1014E000DDD370BDB5F93001FFF768FFA5F8300115
:1014F00070BD0000F8B500250446009590F8240062
:1015000001280BD0012084F824002046FFF7C0FCFE
:101510002046FFF7E9FC060002D050E00220F8BDAB
:10152000A06A20F4885040F00200A062022001F07E
:10153000B3FD25490968B1FBF0F0400000E0401E12
:1015400000900028FBD12068816841F0080181608B
:1015500001F08EF8074608E001F08AF8C01B0A285F
:1015600003D920688068000715D4206880680007C8
:10157000F2D42068816841F00401816001F078F8BC
:10158000074612E001F074F8C01B0A280DD9206844
:101590008068400709D5A06A20F0020040F01000E2
:1015A000A06284F824500120F8BD206880684007BC
:1015B000E8D4A06A20F0020040F00100A06284F8A4
:1015C00024503046F8BD0000A40B0020F8B50024DC
:1015D000009490F824202546012A12D0012280F898
:1015E00024204A681F23072A0DD20668776B521EF3
:1015F00002EB820293409F430B6893401F43776343
:1016000019E00220F8BD06680D2A0AD2376BD21FF6
:1016100002EB820293409F430B6893401F43376362
:1016200009E0F76A0D3A02EB820293409F430B6890
:1016300093401F43F7620A68072306680A2A0AD301
:10164000F7680A3A02EB420293409F438B6893404B
:101650001F43F76008E0376902EB420293409F4363
:101660008B6893401F4337610A68102A01D0112A02
:1016700020D1124B02689A4217D193681B0219D4E9
:10168000936843F4000393600968102912D10C4950
:101690000C4A0968B1FBF2F101EB8101490000E05D
:1016A000491E00910029FBD104E0816A41F020012C
:1016B0008162012480F824502046F8BD00240140B6
:1016C000A40B002040420F000068C06C704700006F
:1016D0002DE9F0414FF0000704003D467ED0A06A9E
:1016E000002628B9E66284F82460204600F07EF8DF
:1016F0002046FFF7CDFBA16AC90600D420B1A06A3D
:1017000040F01000A06269E0A16A21F4885141F024
:101710000201A1626268E169237B0A4347EA43014F
:101720000A43A1684FF48077B94209D0012907D054
:101730005FF0000194F814C0BCF1010F02D00AE080
:101740003946F7E7F3B1A36A43F02003A362E36AE3
:1017500043F00103E3622368D3F804C02CF4694C1E
:101760004CEA010CC3F804C021688B68DFF870C034
:1017700003EA0C0313438B60A168B9420BD0012923
:1017800009D00CE0DFF85CC0A3690CEB43330B43DA
:1017900043F40061DFE7218A0D05A5F58015216876
:1017A000CB6A23F470032B43CB62216889680E4B0C
:1017B0001940914208D1E662A16A21F0020141F08C
:1017C0000101A162BDE8F081A06A20F0020040F0B2
:1017D0001000A062E06A40F00100E0620120F1E741
:1017E000FDF7E1FF00E0FFFFFE0E1FFF00B585B033
:1017F0000021009101910291039100680E498842F5
:1018000018D10E48816941F400718161816901F448
:1018100000710491816941F0040181618069694628
:1018200000F004000490022000900320019004487E
:1018300000F028FE05B000BD002401400010024069
:10184000000801402DE9F84300270D4604460097A3
:1018500000F00EFF804620688168C90508D5A06A9F
:1018600040F02000A06284F824700120BDE8F883D5
:101870004168C90503D4C06A10F4700F2AD0022051
:1018800001F00AFC3B490968B1FBF0F620680369E6
:1018900039490B424FEA61014FEAA1121FD1C368D7
:1018A0004FEA611C13EA0C0F19D103690B4225D1D1
:1018B000C068104222D1142023E0681C0AD02DB148
:1018C00000F0D6FEA0EB0800A84203D9206800680B
:1018D000800725D5206800688007EED52DE00369D4
:1018E0000B4202D1C168114206D0026923490A4263
:1018F00006D1C068084203D1542002E0292000E04C
:10190000FC204643009816E0681C11D02DB100F071
:10191000AFFEA0EB0800A8420AD90098B04207D257
:10192000A06A40F00400A06284F8247003209DE7C0
:101930000098401C0090B042E6D321686FF012007E
:101940000860A06A40F40070A06220688068C0F35C
:10195000424007280CD1207B50B9A06A20F4807047
:10196000A062A06AC00403D4A06A40F00100A06293
:1019700000207BE7A40B00202449922449922400F4
:1019800070B5044690F8240001280DD0012084F899
:1019900024002046FFF7A8FA02004FF0000005D00F
:1019A00084F82400104670BD022070BDA16A40F288
:1019B0000123994341F48071A1621F4D23681F499F
:1019C000AB4218D10E6816F4702F14D0A66A46F4F4
:1019D0008016A6620E68760505D5A66A26F400561E
:1019E00046F48056A662A66AF6040AD5E66A26F090
:1019F0000606E66206E0A66A26F48016A6625E681F
:101A0000E9E7E06284F824006FF0020018602068C3
:101A10008368C3F34243072B05D1A84208D1096864
:101A200011F4702F04D0816841F480118160B9E70E
:101A3000816841F4A001F9E7002801400424014035
:101A400090F82020012A07D0022A05D0416A41F4EB
:101A50008021416201207047006842690A43426167
:101A600000207047F0B590F820500468A468012D5C
:101A700005D0022D03D0416A41F4802157E014F0D3
:101A8000406F01D1E5004FD5C4F301640125A540A5
:101A90001D608D684FF4C0739DB1CE6835434E68AC
:101AA00045EAC605066803EB0417F5514FF4C27505
:101AB000076805EB04150E697E51097D012905D0E3
:101AC00009E00E88CD6845EA4655EBE701684E59B6
:101AD00046F480764E511179D579567941EA0561FF
:101AE00095792D0445EA062529434FF4C676056805
:101AF00006EB0416A9511178D57841EA056195786D
:101B000052782D0445EA022211434FF4C47502684D
:101B100005EB04155151006803EB0411425842F0E3
:101B2000010242500020F0BD416A41F400114162BF
:101B30000120F0BD10B590F820300268012B07D0CD
:101B4000022B05D0416A41F480214162012010BD81
:101B5000D2F8000240F00100C2F80002087D00F057
:101B60001F0301209840D2F81C328343C2F81C3274
:101B7000CB69B3B9D2F80C328343C2F80C328C89EA
:101B80004B6864F31F434C6902EBC404C4F8403251
:101B90000C890B6864F31F434C6902EBC404C4F85E
:101BA0004432CB69012B16D1D2F80C320343C2F870
:101BB0000C320C884B6864F31F434C6902EBC4047D
:101BC000C4F840320C89CB6864F31F434C6902EBC4
:101BD000C404C4F844328B69002BD2F804320FD00D
:101BE00053EA0003C2F804320B69002BD2F8143216
:101BF00008D00343C2F81432096A012904D008E06E
:101C00008343EFE78343F5E7D2F81C120143C2F8A0
:101C10001C12D2F8000220F00100C2F800020020DD
:101C200010BD704770B590F82040012C05D0022CF3
:101C300003D0416A41F4802128E0046809B3246993
:101C4000A40720D04FF4D874056804EB01142D5973
:101C500015F00405956005682D591AD0ED085560FA
:101C600005682C5904F00204D4604FF4DA74056856
:101C700004EB01142E5906F00F06082E0CD308258C
:101C80000DE0E468DCE7416A41F4001141620120A3
:101C900070BD6D0D1560E3E72D5905F00F05156159
:101CA00005682D59C5F30725956105682C59240C45
:101CB00054614FF4DC72046802EB0112A4581C70EA
:101CC0000468A458240A5C700468A458240C9C700E
:101CD0000468A258120EDA704FF4DE72046802EB48
:101CE0000112A4581C710468A458240A5C71046889
:101CF000A458240C9C710468A258120EDA71006872
:101D000029B1016941F020010161002070BDC16865
:101D100041F02001C160F8E72DE9F05F0546006859
:101D200000244669D0F804908768D0F80CB0D0F849
:101D300010A0D0F81880F10748D0F90714D001217D
:101D40008160B80703D5284600F005FA0CE0780753
:101D500002D54FF4006407E0380702D54FF48054F1
:101D600002E0284600F0F6F9F80516D529684FF488
:101D700080708860B80503D5284600F0EEF90CE0C5
:101D8000780502D544F4005407E0380502D544F440
:101D9000804402E0284600F0DFF9F80316D52968F0
:101DA0004FF480308860B80303D5284600F0D7F997
:101DB0000CE0780302D544F4004407E0380302D570
:101DC00044F4803402E0284600F0C8F9300707D513
:101DD0005FEACB6004D52968102044F40074C86021
:101DE00070074FF0080707D55FEA0B7004D5286825
:101DF000C760284600F05AF9B00706D52868C068C1
:101E0000800702D0284600F053F9700607D55FEA34
:101E1000CA6004D52968102044F480640861B006C3
:101E200007D55FEA0A7004D528680761284600F0E4
:101E300061F9F00606D528680069800702D02846B7
:101E400000F059F9B00308D55FEAC96005D52968E3
:101E500010204860284600F04FF9F00307D55FEAEC
:101E6000097004D528684760284600F079F93004E5
:101E700046D55FEA497040D5F00504D55FEAC870E1
:101E800001D044F00104B00504D55FEA887001D5A3
:101E900044F00204700504D55FEA487001D544F0AF
:101EA0000404300529D518F0700F26D008F0700012
:101EB000402815D006DC102809D020280AD0302868
:101EC00016D10AE050280ED0602811D10EE044F05F
:101ED00008040DE044F010040AE044F0200407E098
:101EE00044F0400404E044F0800401E044F48074D1
:101EF0002868816921F070018161296804204860A7
:101F0000002C05D0686A204368622846FFF789FEE6
:101F1000BDE8F09F70B5040003D094F8200010B124
:101F200004E0012070BD204600F082F820680168BE
:101F300041F00101016000F09BFB0546052604E02D
:101F400000F096FB401B0A2811D820684068C007A3
:101F5000F6D02068016821F00201016000F088FBE2
:101F600005460BE000F084FB401B0A2806D9606A96
:101F700040F40030606284F82060D2E72068406856
:101F80008007EFD4207E0128206801683DD021F031
:101F900080010160607E01282068016838D021F04E
:101FA00040010160A07E01282068016833D021F043
:101FB00020010160E07E0128206801682ED041F0F8
:101FC00010010160207F01282068016829D021F0DC
:101FD00008010160607F01282068016824D021F099
:101FE00004010160D4E902010843D4E90412114359
:101FF00008436168491E08432168C8610020606287
:10200000012084F82000002070BD41F08001C0E76D
:1020100041F04001C5E741F02001CAE721F010017D
:10202000CFE741F00801D4E741F00401D9E700000F
:1020300010B586B0002100910191029103910068D2
:10204000174988422AD11748C16941F00071C1611E
:10205000C16901F000710491816941F0040181615D
:102060008069114C00F0040004904FF4006000906F
:102070006946204600F006FAA01400900220019064
:10208000032003906946204600F0FCF90022114627
:10209000142000F0CFFF142000F0BEFF06B010BDEA
:1020A000006400400010024000080140704700003A
:1020B0000EB50D4A00210D4801ABFFF7B3FD0A48EC
:1020C0000188ADF80010C16802290BD05FF0000153
:1020D0008DF80210007C8DF803006946044804F076
:1020E000FEFE0EBD0121F3E7841500207C0F0020C9
:1020F00058090020704770477047000070B50446CB
:1021000090F82000012804D0606A40F4002060624A
:1021100018E0022084F820002068016821F0010105
:10212000016000F0A5FA05460EE000BF00F0A0FA3D
:10213000401B0A2808D9606A40F40030606205201C
:1021400084F82000012070BD20684068C007EDD1F0
:10215000606270BD70477047704770477047704746
:10216000704710B590F821100022022905D00421F3
:10217000816380F82020012010BD01680B6823F0E6
:102180000E030B6001680B6823F001030B6090F8ED
:102190004030C46B012101FA03F3636080F8211021
:1021A00080F82020104610BD10B590F821100024B2
:1021B000022903D00421816301243DE001680A68FB
:1021C00022F00E020A6001680A6822F001020A6029
:1021D0001A4A0168914201D1012121E0174A1432C3
:1021E000914201D110211BE0144A2832914201D1C1
:1021F000891515E0114A3C32914201D189140FE052
:102200000E4A5032914202D14FF4803108E00B4A1D
:102210006432914202D14FF4801101E04FF080719D
:10222000064A083A5160012180F82110002180F807
:102230002010416B01B18847204610BD08000240C4
:102240002DE9F05FC16B0C6801680B68D0F840C0E5
:10225000042202FA0CF2494DDFF824A1494E4A4FFC
:10226000DFF828B1DFF828E122422CD05A072AD51E
:102270000A68920603D40A6822F004020A60016820
:10228000A94201D1042219E0514501D1402215E0B3
:10229000B14202D14FF4806210E0B94202D14FF452
:1022A00080420BE0594502D14FF4802206E071458F
:1022B00002D14FF4800201E04FF080622F490839CB
:1022C0004A60C16A3BE04FF0020808FA0CF818EACD
:1022D000040F4FF000094FF0010235D05FEA837818
:1022E00032D50B689B0605D40B6823F00A030B60FC
:1022F00080F821200168A94201D1022219E051454C
:1023000001D1202215E0B14202D14FF4007210E059
:10231000B94202D14FF400520BE0594502D14FF4BB
:10232000003206E0714502D14FF4001201E04FF097
:102330000072124908394A6080F82090816A0029A9
:102340001AD0BDE8F05F0847082505FA0CF52542CC
:1023500012D01B0710D50B6823F00E030B6090F80A
:102360004010C36B02FA01F15960826380F82120AA
:1023700080F82090016BE2E7BDE8F09F0800024082
:102380001C0002403000024044000240580002405D
:102390006C00024030B528B308C813491422194410
:1023A000B1FBF2F18900C1631049816302214177D9
:1023B0001A6843F6F0718A43D0E900142143D0E94A
:1023C00002452C4321430469214344692143846924
:1023D00021431143196000214163012242770177B3
:1023E000084630BD012030BDF8FFFDBF00000240AF
:1023F00070B5044690F82000002501280CD001207B
:1024000084F8200094F821600020012E06D084F882
:1024100020000225284670BD022070BD022684F8E7
:102420002160A0632068066826F001060660204649
:10243000FEF7AEFFE06A00282068016802D041F094
:102440000E0106E021F0040101602068016841F0FE
:102450000A0101602068016841F001010160D9E7CB
:1024600070B5044600F004F90546601C02D004482B
:102470000078044400F0FCF8401BA042FAD370BD81
:10248000980B00202DE9F84FDFF8B8910024A9F14E
:10249000040B23460F2709F1040AABF1040EC9E02F
:1024A0000125A5402A40AA427DD1674ED1F804C03B
:1024B000ACEB0608B44532D014DCBCF1030F3AD0C3
:1024C00009DCBCF1000F2AD0BCF1010F1CD0BCF11B
:1024D000020F31D11DE0BCF1110F17D0BCF1120F6A
:1024E0002AD119E0B8F5881F19D006DCB8F5803F6D
:1024F00015D0B8F5801F1FD111E0B8F5001F0ED020
:10250000B8F5041F18D10AE0CB6815E0CB681B1D95
:1025100012E0CB6808330FE0CB680C330CE08B681B
:102520002BB1012B4FF0080303D0456104E00423D5
:1025300002E0056100E00023FF2A01D8064601E021
:1025400000F104064FEA840501D9A5F12005D6F86B
:10255000008007FA05FC28EA0C0803FA05F548EAAA
:102560000508C6F800804D68ED0062D5374DAE69AC
:1025700046F00106AE61AD6924F0030605F00105E1
:102580000095334D06EB050CDCF80850A607360F16
:1025900007FA06F825EA0805DFF8B880404503D1B8
:1025A0004FF0000817E044E0DFF8AC80404502D16E
:1025B0004FF001080FE0DFF8A480404502D14FF052
:1025C000020808E0DFF89880404502D14FF0030888
:1025D00001E04FF0040808FA06F848EA0508CCF8CC
:1025E00008804D68D9F80060ED024D4601D51643CC
:1025F00000E096432E604D68DAF80060AD02554663
:1026000001D5164300E096432E604D68DBF800606C
:10261000AD035D4601D5164300E096432E604D683C
:10262000DEF80060ED03754601D5164300E09643E1
:102630002E60641C0D682A46E5407FF431AFBDE88A
:10264000F88F000008040140000011100010024043
:102650000000014000080140000C01400010014052
:10266000001401400AB1016170470904FBE7000052
:102670000148806870470000980B002070B5040086
:1026800025D094F83D00002520B984F83C50204620
:1026900000F03CFC242084F83D002068016821F013
:1026A000010101602068016841F400410160206877
:1026B000016821F40041016000F04CFE4D4A616860
:1026C000914201D84C4900E04C49884201D2012096
:1026D00070BD4B492368B0FBF1F15E6826F03F0600
:1026E0000E435E606368934206D94FF49673594374
:1026F0004FF47A73B1FBF3F12368491C1E6A26F08C
:102700003F06314319626168914210D84900401E6A
:10271000B0FBF1F2521CC2F30B02042A01D20420D6
:1027200022E0B0FBF1F0401CC0F30B001CE0A268FB
:10273000F2B301EBC10303EB0116431EB3FBF6F347
:102740005B1C43F480431B0549D092B301EBC102EB
:1027500002EB0111401EB0FBF1F0401CC0F30B0076
:1027600040F4804040F400402168CA694CF6FF7391
:102770009A431043C861D4E90710014320680268F6
:1027800022F0C00211430160D4E903010143206833
:10279000826848F2FF339A4311438160D4E905010E
:1027A00008432168CA6822F0FF021043C86001E0B4
:1027B0000EE016E02068016841F001010160256427
:1027C000202084F83D00256384F83E50002070BD31
:1027D00001EB4106431EB3FBF6F35B1CB3E701209C
:1027E000C2E701EB4101401EB0FBF1F0401CC0F319
:1027F0000B00B7E7A086010080841E0000093D00A1
:1028000040420F002DE9F84F0025DDF8289098464A
:1028100017468A4604460095FFF72AFF064694F8B5
:102820003D0020287AD119230122864920460096AE
:1028300001F088FE0028F5D194F83C0001286DD005
:10284000012084F83C0020680168C90703D10168B1
:1028500041F0010101602068016821F4006101601C
:10286000222084F83D00102084F83E002564676231
:10287000A4F82A80608D20857348E06233464A467A
:102880005146204601F09CFC00287CD1208DDFF8C9
:10289000BC81202768B1012814D002282068016873
:1028A0001ED041F480610160206841698069009018
:1028B000BBE02068416981690091016841F40071C1
:1028C0000160B2E02068016821F48061016072B6A5
:1028D0002068416981690091016841F400710AE052
:1028E00041F40061016072B620684169816900911C
:1028F000016821F48061016062B696E0032865D822
:1029000001280CD002284B464FF0000241462046D9
:1029100000960BD001F016FEA8BB0CE090E032460A
:102920004946204601F0B4FE68BB71E001F00AFEA2
:1029300048BB72B633E02068016821F48061016011
:1029400072B620680069616A0870606A401C606243
:10295000208D401E2085608D401E60853C4846F2DB
:10296000A8110068B0FBF1F0C0EBC00000EB8000E4
:102970000090401E009007D020684069C043400787
:102980000DD50098F5E727E044F8305F6773A5732D
:10299000206940F02000206162B625731CE02068A9
:1029A000016841F40071016020680069616A087083
:1029B000606A401C6062218D491E2185618D491E1F
:1029C000618562B621680969017025E03246494691
:1029D000204601F05DFE10B10120BDE8F88F2068AF
:1029E0000069616A0870606A401C6062208D401E48
:1029F00081B22185608D401E608520684269D24386
:102A0000520712D4032903D1016821F480610160C7
:102A100020680069616A0870606A401C6062208DED
:102A2000401E2085608D401E6085208D00287FF42B
:102A300065AF84F83D7084F83E5084F83C50CCE794
:102A40000220CAE7020010000000FFFF040001009E
:102A5000A40B00202DE9F84F1F4690468A460446F5
:102A6000DDF82890FFF704FE054694F83D00202885
:102A70007FD11923012240492046009501F062FDD3
:102A8000002876D194F83C00012872D0012084F807
:102A90003C0020680168C90703D1016841F00101C9
:102AA00001602068016821F400610160212084F840
:102AB0003D00102084F83E0000262664C4F82480DF
:102AC0006785608D20852D48E0622B464A46514639
:102AD000204601F0EBFB90B92068416980690090C5
:102AE00036E02A464946204601F00AFE50B1206CE5
:102AF000042804D12068016841F4007101600120BC
:102B0000BDE8F88F606A216800780861606A401C3F
:102B10006062618D491E6185218D491E89B22185C2
:102B200022685369DB435B070BD451B10078106115
:102B3000606A401C6062608D401E6085208D401E72
:102B400020852A464946204601F0D0FC0028CED1F7
:102B5000208D0028C5D154F83D0B016841F4007167
:102B60000160202004F81E09E67766770020C7E799
:102B7000FFE70220C4E70000020010000000FFFF92
:102B80002DE9FF4F83B00025DDE910799A46934681
:102B90000446DDF848800095FFF76AFD064694F884
:102BA0003D0020287CD11923012288492046009627
:102BB00001F0C8FC0028F5D194F83C0001286FD042
:102BC000012084F83C0020680168C90703D101682E
:102BD00041F0010101602068016821F40061016099
:102BE000222084F83D00402084F83E00256467627E
:102BF000A4F82A90608D20857548E062CDE90086B2
:102C000053465A462046049901F09EFB00287CD189
:102C1000208DDFF8C091202768B1012814D0022848
:102C2000206801681ED041F480610160206841691C
:102C300080690090BCE02068416981690091016869
:102C400041F400710160B3E02068016821F4806103
:102C5000016072B62068416981690091016841F4A0
:102C600000710AE041F40061016072B620684169B8
:102C700081690091016821F48061016062B697E08A
:102C8000032865D801280CD0022843464FF00002E3
:102C90004946204600960BD001F054FCA8BB0CE03E
:102CA00091E032464146204601F0F2FC68BB72E0FA
:102CB00001F048FC48BB72B633E02068016821F49B
:102CC0008061016072B620680069616A0870606A9C
:102CD000401C6062208D401E2085608D401E6085F6
:102CE0003D4846F2A8110068B0FBF1F0C0EBC0000F
:102CF00000EB80000090401E009007D020684069E3
:102D0000C04340070DD50098F5E727E044F8305F51
:102D10006773A573206940F02000206162B62573B7
:102D20001CE02068016841F40071016020680069BE
:102D3000616A0870606A401C6062218D491E2185AD
:102D4000618D491E618562B621680969017026E0BE
:102D500032464146204601F09BFC18B1012007B0E5
:102D6000BDE8F08F20680069616A0870606A401CE5
:102D70006062208D401E81B22185608D401E60857D
:102D800020684269D243520712D4032903D1016853
:102D900021F48061016020680069616A0870606ADE
:102DA000401C6062208D401E2085608D401E608525
:102DB000208D00287FF464AF84F83D7084F83E5085
:102DC00084F83C50CBE70220C9E700000200100065
:102DD0000000FFFF04000100A40B00202DE9FF4FBD
:102DE00083B09A46DDE9119793460446DDF84080AA
:102DF000FFF73EFC054694F83D0020287FD11923BB
:102E0000012240492046009501F09CFB002876D124
:102E100094F83C00012872D0012084F83C0020681E
:102E20000168C90703D1016841F001010160206810
:102E3000016821F400610160212084F83D004020F8
:102E400084F83E0000262664C4F82480A4F82A9062
:102E5000608D20852C48E062CDE9007553465A46C6
:102E60002046049901F0EEFA70B930E02A4639465E
:102E7000204601F045FC58B1206C042804D120689C
:102E8000016841F400710160012007B0BDE8F08FD6
:102E9000606A216800780861606A401C6062218D68
:102EA000491E89B22185628D521E6285226853694E
:102EB000DB435B070BD469B100781061606A401C8A
:102EC0006062208D401E2085608D401E6085208DB3
:102ED0000028CBD12A463946204601F007FB0028BE
:102EE000CAD154F83D0B016841F400710160202003
:102EF00004F81E09E67766770020C6E7FFE70220A0
:102F0000C3E70000020010000000FFFF10B586B00C
:102F10000021009101910291039100680F498842BC
:102F20001AD10F4CA06940F00800A061A069694661
:102F300000F008000490C0200090122001900320AF
:102F400003900848FFF79EFAE06940F40010E06142
:102F5000E06900F40010049006B010BD0054004079
:102F600000100240000C01400248816802781144C0
:102F700081607047980B0020074810B5016841F048
:102F800010010160032000F075F80F2000F006F832
:102F900000F024F8002010BD0020024070B50D4D57
:102FA00004464FF47A712878B1FBF0F00A490968B9
:102FB000B1FBF0F000F0A4FB48B9102C07D20022BE
:102FC0002146501E00F036F800206C6070BD0120D4
:102FD00070BD0000980B0020A40B00200C4808B521
:102FE000816941F001018161816901F00101009174
:102FF000C16941F08051C161C06900F0805000900A
:103000000448416821F0E06141F00071416008BD71
:103010000010024000000140002809DB00F01F0200
:10302000012191404009800000F1E020C0F800112A
:1030300070470000F0B40E4B1B680C46C3F302232C
:10304000C3F10705042D00D90425191D072901D254
:10305000002300E0DB1E012606FA05F1491E21408F
:1030600099409E40761E16403143F0BC02F0B4BF3A
:103070000CED00E0064900F0070208684FF6FF0378
:10308000184040EA0220034A1043086070470000DD
:103090000CED00E00000FA0510B501460020234CBD
:1030A000012922D0022939D010291DD16168226856
:1030B000D20119D51E48C1F38342C903805C0AD5E9
:1030C00061681B4AC1F34041921E515C194AB2FB30
:1030D000F1F1484301E0184948436168490203D4CB
:1030E00040000321B0FBF1F010BD226AC2F30121C0
:1030F000012903D1920701D5C80310BD022905D1CA
:10310000626A920702D549F6404010BD0329FCD1FE
:1031100021688903F9D54FF2244010BD00F02AF947
:103120006168C1F38131491C4900DBE700100240AE
:103130007AAF000800127A0000093D002DE9F8433B
:1031400005460078354CC00754D0E0690026C00021
:1031500008D4E06940F08050E061E069012600F0A9
:10316000805000902E480168C90512D4016880463D
:1031700041F480710160FFF77BFA074605E000BF6C
:10318000FFF776FAC01B642823D8D8F80000C005E2
:10319000F6D5206A10F4407021D0A98801F440715E
:1031A00081421CD0206A1F49012220F440700A602D
:1031B00000220A602062C00711D0FFF759FA0746C3
:1031C00041F2883808E000BFFFF752FAC11B4145C1
:1031D00002D90320BDE8F883206A8007F4D5206A6D
:1031E000696820F44070084320621EB1E06920F055
:1031F0008050E0612878800705D56068A96820F4D0
:103200004040084360602878C00605D56068E968DA
:1032100020F48000084360600020DBE700100240DB
:1032200000700040400442422DE9F0470F4605007F
:1032300061D0434E306800F00700B84209D23068D0
:1032400020F0070038433060306800F00700B842D3
:1032500051D128683B4C810712D5400703D56068DF
:1032600040F4E06060602878000703D5606840F4AF
:10327000605060606068A96820F0F00008436060FA
:103280002878C00728D06868012810D02168022853
:1032900010D0890700292EDA616821F0030101436B
:1032A0006160FFF7E5F9804641F288390DE0216859
:1032B0008903EFE78901EDE7FFF7DAF9A0EB0801F1
:1032C000494502D90320BDE8F0876068696800F0CD
:1032D0000C00B0EB810FEFD1306800F00700B8426E
:1032E0000BD9306820F0070038433060306800F0B8
:1032F0000700B84201D00120E5E72878400705D54E
:103300006068E96820F4E06008436060287800079E
:1033100006D56068296920F4605040EAC100606009
:1033200000F038F86168084AC1F30311515CC840E5
:103330000649086006480068FFF730FE0020C2E733
:1033400000200240001002408AAF0008A40B0020B9
:103350009C0B00200448054900684968044AC1F3F1
:103360000221515CC8407047A40B002000100240AD
:103370009AAF00080448054900684968044AC1F347
:10338000C221515CC8407047A40B002000100240CD
:103390009AAF00080E4A51680E4801F00C03042B46
:1033A00011D0082B0FD10C48C1F38343C903C05C73
:1033B0000AD55168084AC1F34041921E515C054A42
:1033C0005043B0FBF1F07047044948437047000098
:1033D0000010024000127A0068AF000800093D00AA
:1033E0002DE9F84F040070D02078C04DC00749D0B7
:1033F0006868C0F38100012807D06868C0F38100C5
:10340000022809D16868C00306D52868800339D529
:1034100060680028E7D035E06068B0F5803F0BD0E9
:1034200010B1B0F5A02F11D0286820F480302860AA
:10343000286820F4802002E0286840F4803028606A
:10344000606890B1FFF714F906460AE0286840F476
:1034500080202860F0E700BFFFF70AF9801B64288E
:1034600073D828688003F7D50CE0FFF701F906460A
:1034700005E000BFFFF7FCF8801B6428F0D828683F
:103480008003F7D420789A4E80074FF001094FF05F
:10349000000839D5686810F00C0F07D06868C0F3D1
:1034A0008100022809D16868C00306D42868800713
:1034B00014D52069012808D110E02069B0B1C6F800
:1034C0000090FFF7D5F8074605E00AE1FFF7D0F8CE
:1034D000C01B0228C4D828688007F7D5286861690E
:1034E00020F0F80040EAC10028600DE0C6F8008036
:1034F000FFF7BEF8074604E0FFF7BAF8C01B022842
:1035000023D828688007F7D4207800072CD579487D
:10351000A169D9B1C0F80090FFF7AAF8074604E006
:10352000FFF7A6F8C01B02280FD8686A8007F7D5F6
:1035300071484FF4FA510068B0FBF1F0009000BF01
:103540000098411E0091FAD20EE080E0C0F80080A1
:10355000FFF78EF8074604E0FFF78AF8C01B022841
:1035600075D8686A8007F7D42078400760D5E86985
:103570000027C00008D4E86940F08050E861E8699D
:10358000012700F0805000905C480168C90513D401
:103590000168834641F480710160FFF769F8824653
:1035A00006E000BFFFF764F8A0EB0A0064284ED8DD
:1035B000DBF80000C005F5D5E06801280AD008B1A5
:1035C000052813D0286A20F001002862286A20F01C
:1035D000040002E0286A40F001002862E06841F23D
:1035E000883B98B1FFF744F882460BE0286A40F028
:1035F00004002862EEE700BFFFF73AF8A0EB0A01EB
:1036000059455AD8286A8007F6D50CE0FFF730F8FC
:10361000824605E0FFF72CF8A0EB0A0159454CD88B
:10362000286A8007F6D41FB1E86920F08050E8616D
:10363000E06988B36968C1F38101022944D0022896
:10364000C6F8608004D0FFF713F8044638E034E091
:10365000FFF70EF8074604E0FFF70AF8C01B022840
:103660002BD828688001F7D4206AB0F5803F05D1B7
:103670006868A16820F4003008436860D4E9080154
:103680000843696821F4741108436860C6F86090C3
:10369000FEF7EEFF044606E025E000BFFEF7E8FF78
:1036A000001B022809D828688001F7D51BE000BF5D
:1036B000FEF7DEFF001B022802D90320BDE8F88FC9
:1036C00028688001F4D40EE00128F7D06868226AE7
:1036D00000F48031914204D1616A00F47010884294
:1036E00001D00120EAE70020E8E7000000100240D6
:1036F0000000424280044242A40B002000700040BF
:1037000010B5401EB0F1807F01D3012010BD4FF0F5
:10371000E02460610F21601702F05EFC0020A061D0
:1037200007202061002010BD7047704770B590F8E9
:103730003C20012A26D0012480F83C40022280F857
:103740003D2003685A689D6822F070060A6832437B
:103750005A600D4B02689A4208D0B2F1804F05D0F2
:103760000A4B9A4202D00A4B9A4204D1496825F08A
:1037700080031943916080F83D40002180F83C109F
:10378000084670BD022070BD002C014000040040BE
:103790000008004010B5040003D094F83D0010B1BB
:1037A00007E0012010BD002084F83C00204600F016
:1037B0001FF8022084F83D00211D206801F04CFF15
:1037C000012084F8460084F83E0084F83F0084F825
:1037D000400084F8410084F8420084F8430084F8F3
:1037E000440084F8450084F83D00002010BD00002E
:1037F00008B5274A0168274891420ED1816941F4F2
:10380000006181618069002200F40060009011462F
:103810001920FFF70FFC192034E0B1F1804F11D0CF
:103820001D4A91421DD1C16941F00201C161C069C7
:10383000002200F00200009002211D20FFF7FAFB99
:103840001D201FE0C16941F00101C161C069002272
:1038500000F00100009011461C20FFF7EBFB1C203C
:1038600010E00E4A914211D1C16941F00401C161D9
:10387000C069002200F00400009011461E20FFF7EE
:10388000D9FB1E20BDE80840FFF7C6BB08BD0000FD
:10389000002C0140001002400004004000080040DD
:1038A00090F83D10012901D001207047022180F8D5
:1038B0003D100168CA6842F00102CA6000680B4905
:1038C000884208D0B0F1804F05D00949884202D023
:1038D0000849884204D1816801F00701062903D014
:1038E000016841F00101016000207047002C014097
:1038F000000400400008004001680A6A41F2111308
:103900001A4207D10A6A9B101A4203D10A6822F0B0
:1039100001020A60012180F83D100020704770B557
:10392000044690F83C000025012817D0012684F8B1
:103930003C60022084F83D002068826822F0770213
:1039400022F47F4282600868502838D00DDC20289D
:103950004FD005DC90B3102811D14AE0022070BD91
:10396000302846D040280AD13BE060282FD070286C
:103970000DD0B0F5805F03D0B0F5005F12D0012507
:1039800084F83D60002084F83C00284670BDCB6878
:10399000D1E90121206801F09BFE2068816841F097
:1039A000770109E0CB68D1E90121206801F090FEA0
:1039B0002068816841F480418160E1E719E0CA68CC
:1039C0004968206801F096FE5021206806E0CA6828
:1039D0004968206801F09FFE6021206801F082FEA6
:1039E000CEE7CA684968206801F084FE402120685B
:1039F000F4E7226801461046F0E770472DE9F041F0
:103A000004460068C66805694FF00007A90713D58A
:103A1000B10711D5F91E0161012020772068806966
:103A20008007204602D0FFF7E8FF04E000F07EF8B0
:103A3000204600F07CF82777680716D5700714D564
:103A400021686FF0040008610220207720688069F7
:103A500010F4407F204602D0FFF7CFFF04E000F0D3
:103A600065F8204600F063F82777280715D530075A
:103A700013D521686FF008000861042020772068C2
:103A8000C0698007204602D0FFF7B7FF04E000F0CE
:103A90004DF8204600F04BF82777E80616D5F006DB
:103AA00014D521686FF01000086108202077206885
:103AB000C06910F4407F204602D0FFF79EFF04E06B
:103AC00000F034F8204600F032F82777E80708D0F5
:103AD000F00706D021686FF001000861204600F071
:103AE00027F8280608D5300606D521686FF0800033
:103AF00008612046FFF718FE680608D5700606D54F
:103B000021686FF040000861204600F041F8A806E7
:103B10000AD5B00608D521686FF02000086120465C
:103B2000BDE8F041FFF701BEBDE8F0817047704786
:103B300010B500680E4988420DD10E48012202706E
:103B40000D480168491C01600A2903D30021016066
:103B50000A48027010BD0A498842FBD10948FFF7A4
:103B6000CBFE094802F08AF90849087010BD000030
:103B7000002C01401C000020240000201F00002019
:103B80000008004000110020B40B0020210000209C
:103B90007047704710B504460068406994F84110BA
:103BA000C0F3C010212911D180B12068143050E831
:103BB000001F21F0800140E80012002AF5D1A06B1F
:103BC00008B1FEF7CEFA204601F07AFF206840697E
:103BD00094F84210C0F38010222911D180B12068DE
:103BE000143050E8001F21F0400140E80012002A84
:103BF000F5D1E06B08B1FEF7B4FA204601F039FFC9
:103C0000002010BD70470000F8B501680446086840
:103C1000CA684B6910F00F0F4FF0000559D003F040
:103C2000010602F49077374365D0C10705D0D1056E
:103C300003D5616C41F001016164410705D5D907E5
:103C400003D0616C41F002016164810705D5D90799
:103C500003D0616C41F004016164010707D502F0F3
:103C60002001314303D0616C41F008016164616C53
:103C700000293AD0800604D5900602D5204601F0EE
:103C80002DFF20684069616CC0F38010090700D4E3
:103C900060B3204601F0EDFE20684069400621D562
:103CA0002068143050E8001F21F0400140E8001265
:103CB000002AF5D1E06BA8B16D494163E06BFEF7D6
:103CC00073FA002811D0E06B416B01B0BDE8F04001
:103CD000084783060FD593060DD52046BDE8F8406A
:103CE00001F0FCBE2046FFF78DFFF8BD2046FFF730
:103CF00089FF6564F8BD266B2023012E7CD1C606A2
:103D00007AD5D60678D508684868009048694FF09B
:103D10000206400640D5E16B086840680004000CCC
:103D2000E8D0A28D8242E5D9E085886920282DD08F
:103D300020680C3050E8001F21F4807140E8001228
:103D4000002AF5D12068143050E8001F21F001014D
:103D500040E80012002AF5D12068143050E8001F16
:103D600021F0400140E80012002AF5D184F84230E9
:103D7000256320680C3050E8001F21F0100140E856
:103D80000012002AF5D1E06BFEF7EBF96663A08D17
:103D9000E18D401A81B22AE0A08DE18D401A81B2F6
:103DA000E08D0028A6D00029A4D022680C3252E869
:103DB000000F20F4907042E80007002FF5D1206832
:103DC000143050E8002F22F0010240E80027002FB5
:103DD000F5D184F84230256320680C3050E8002F7C
:103DE00022F0100240E80023002BF5D16663204644
:103DF000FFF7CFFEF8BDFFE705062BD5150629D541
:103E000094F841002128F5D1A068B0F5805F01D178
:103E10002069B0B1206A411C2162216800784860A5
:103E2000E08C401E0004000CE084E3D12068C168EF
:103E300021F08001C1602068C16841F04001C1608B
:103E4000D8E7206A0088C0F308004860206A801C18
:103E50002062E5E74006CDD55006CBD5CA6820469E
:103E600022F04002CA6084F8413000F08FF9C1E7C7
:103E70007559000870B5040004D094F8410000257D
:103E800010B106E0012070BD84F84050204600F0DB
:103E900023F8242084F841002068C16821F40051EF
:103EA000C160204601F07CFE2068016921F4904148
:103EB00001612068416921F02A0141612068C168DF
:103EC00041F40051C1606564202084F8410084F809
:103ED00042006563002070BDF0B585B000240094F9
:103EE000019402940394054603684C48DFF828C106
:103EF000022103224A4E0715634520D1836943F40A
:103F000080438361836903F480430493836943F0AE
:103F1000040383618069039200F0040004900802A6
:103F2000CDE9000169463046FEF7ACFACDE90074F0
:103F3000694630460294FEF7A5FA05B0F0BDDFF8F9
:103F4000E4C0634526D1C36943F40033C361C36948
:103F500003F400330493836943F0040383618069AD
:103F6000039200F0040004900420CDE900016946AA
:103F70003046FEF787FA0820CDE90004694630464E
:103F80000294FEF77FFA002211462620FFF752F82E
:103F900026203DE0244EB342CFD1C36943F48023B1
:103FA000C361C36903F480230493836943F0080366
:103FB00083618069CDE9007100F00800CDE903203C
:103FC0001A4E69463046FEF75DFAF014CDE900045A
:103FD000694630460294FEF755FA164E1448C6E973
:103FE00000048020C6E9024020203461C6E9054073
:103FF0000002F0613046FEF7CDF908B1FDF746FA50
:10400000EE630022114627207562FFF713F8272080
:10401000FFF702F891E7000000380140001002406D
:10402000000801400044004000480040000C0140EE
:10403000300002402013002090F84230202B01D0A5
:104040000220704721B11AB10023036301F004BEBE
:104050000120704710B50068094988420FD1094C0A
:1040600020784142CAB2084901440848FDF7F6F9F0
:10407000002802DA06A001F08BFF0020207010BD9E
:10408000004800402300002048110020B40B00200D
:104090004649464F2046756C6C0A000070B50068B2
:1040A0000B49884212D10B4D2878C0F18001CCB267
:1040B0000949224601440948FDF7D0F9002802DAEF
:1040C00007A001F065FF28782044287070BD00002B
:1040D000004800402300002048110020B40B0020BD
:1040E0004649464F2046756C6C0A00002DE9F8439E
:1040F000044690F84100984616460D46202802D006
:104100000220BDE8F88385B17EB1002060642120E3
:1041100084F84100FEF7ACFAA6848146E684A068E4
:104120002027B0F5805F02D003E00120E9E7206995
:1041300010B12E4600250EE000260CE0802120461E
:1041400001F0D2FDA8B9C6B116F8010B216848608C
:10415000E08C401EE084E08C4B464FF00002CDF82E
:1041600000800028EAD14FF04001204601F0BCFD5C
:1041700040B184F841700320C3E735F8020BC0F367
:104180000800E3E784F841700020BAE77047FEE7D3
:1041900001684A69D24352050FD46FF480624A61C4
:1041A000002140F8301F202242738173026942F0DF
:1041B0000402026101730120704700207047000073
:1041C0002DE9F84F0446C06A1E4693460D46216805
:1041D0000A6842F480620A60082807D0012805D0E6
:1041E00010F5803F02D0206B112804D120680168AF
:1041F00041F4807101604FF001195B46002249468D
:104200002046009600F09EF94FF4007840B12068F7
:104210000068C00501D5C4F840800320BDE8F88FD0
:104220002069DFF884A0B0F5804F0FD00620216808
:1042300000EAD51747F0F000086133465A460AF104
:104240000601204600F0C6F958BB03E0E8B240F092
:1042500001001CE02168E8B2086133465A46514625
:10426000204600F0B7F9E0B9206841698169009102
:10427000016841F4807101605B4600224946204696
:10428000009600F05FF90028C1D147F0F1002168E5
:10429000086133465A465146204600F09BF90028F3
:1042A000BCD00120BAE7000002000100F8B50446C6
:1042B000C06A1E460D461746082807D0012805D0BB
:1042C00010F5803F02D0206B122804D120680168CD
:1042D00041F480710160134600224FF00111204625
:1042E000009600F02FF940B120680068C00502D5A3
:1042F0004FF4007020640320F8BD2069B0F5804FB2
:104300000ED00620216800EAD51040F0F0000861C8
:1043100033463A460B49204600F05CF978B902E092
:1043200005F0FE0000E0E8B2216808610549334667
:104330003A46891F204600F04DF90028DCD00120C4
:10434000F8BD0000080001002DE9F84F04460068A0
:1043500089460B9D01689846174641F480610160CB
:104360002068016841F48071016000954FF0011BE5
:104370000022594620460A9B00F0E4F84FF4007AE8
:1043800040B120680068C00501D5C4F840A00320F2
:10439000BDE8F88F216809F0FE0008612B46284926
:1043A00020460A9A00F016F9F0BB2068416980693E
:1043B00000902A4620460A9900F0A2F940B1206CEC
:1043C00004283AD12068016841F40071016034E0AA
:1043D000FEB2B8F1010F09D02168380A08612A46F7
:1043E00020460A9900F08CF90028E8D1206806617F
:1043F0002A4620460A9900F083F90028DFD1206878
:10440000016841F480710160009500225946204600
:104410000A9B00F097F80028B3D1216809F0FF004B
:1044200040F00100086100E007E02B460449204607
:104430000A9A00F0CFF80028AAD00120A8E70000CF
:10444000020001002DE9F843044600680D46DDE94D
:10445000089701689846164641F4807101604B4602
:1044600000224FF001112046009700F06BF848B190
:1044700020680068C00502D54FF400702064032056
:10448000BDE8F883216805F0FE0008613B464A4616
:104490001549204600F09EF888B920684169806976
:1044A00000903A464946204600F02AF948B1206C6F
:1044B000042804D12068016841F4007101600120E2
:1044C000DEE7F5B2B8F1010F09D02168300A0861C2
:1044D0003A464946204600F013F90028E7D1206803
:1044E00005610020CCE700000200010070B516460F
:1044F0000D4604461EE02046FFF74AFE08B10120A3
:1045000070BD681C16D0FEF7B3F8801BA84200D817
:1045100085B920684069C04340070BD5002044F8A6
:10452000300F20216173A073216941F020012161C6
:104530002073E4E720684069C0434007DBD40020D3
:1045400070BD00002DE9F047984617460D46044619
:10455000C1F30746DDF820902AE000BFB8F1FF3F25
:1045600026D0FEF785F8A0EB0901414502D8B8F145
:10457000000F1DD12068012E16D0806925EA0000A9
:104580000004000C12D00020B84211D1002044F8E1
:10459000300F20216173A073216941F02001216156
:1045A00020730120BDE8F0874069E7E70120EBE7D1
:1045B0002068012E0AD0806925EA00000004000C62
:1045C00006D00020B842C9D00020EBE74069F3E7ED
:1045D0000120F7E72DE9F047984616460D460446B8
:1045E0004FF000094FF0200AC1F3074723E020688D
:1045F0004069C043400515D42068016841F400714A
:10460000016021686FF480604861C4F8309084F8DC
:104610003DA084F83E90216C41F00401216484F8AF
:104620003C9021E0701C06D0FEF722F8A0EB0800B9
:10463000B04203D816B1012F1FD021E02068012F0E
:1046400015D0806925EA00000004000C18D000BFD6
:1046500044F8309F84F80DA084F80E90216941F051
:104660002001216184F80C900120BDE8F0874069A9
:1046700025EA00000004000CEAD12068406901E04E
:104680002068806925EA00000004000CAFD1ECE747
:104690002DE9F041002590460E460446202728E0EB
:1046A0004069C043C0060CD454F8301B6FF01000B2
:1046B000486144F810596777A577206A206225770A
:1046C00014E0FDF7D5FFA0EB0800B04200D886B992
:1046D00020684069C04340060BD544F8305F6773DB
:1046E000A573206940F02000206125730120BDE8FA
:1046F000F08120684169C9434906D1D40020F6E71A
:1047000070B516460D4604461EE02046FFF740FDF4
:1047100008B1012070BD681C16D0FDF7A9FF801BF1
:10472000A84200D885B920684069C04300060BD56F
:10473000002044F8300F20216173A073216941F0FB
:10474000200121612073E4E720684069C04300062E
:10475000DBD4002070BD00007CB500258DF804502E
:1047600047208DF80500FF248DF80640032301AA99
:1047700082210B480094FEF76DF90520FDF770FECD
:1047800005208DF8040014208DF805008DF80650E2
:10479000032301AA822102480094FEF75BF97CBD45
:1047A000D40F002070B500F059F8044600F03AF834
:1047B000064600F06FF805462046FCF7F2F813496C
:1047C000FBF7E0FE04463046FCF7EBF81049FBF738
:1047D000D9FE1049FBF708FF06462846FCF7E1F82A
:1047E0000D49FBF7CFFE05460C492046FBF7CAFEF4
:1047F000FCF7E9F80A4CE0803046FCF7E4F8208149
:104800002846FCF7E0F8608170BD0000CDCCCC3DBF
:104810000000A03F00007A44000020400000C84291
:10482000841400203EB50BA0FF24006802900123F1
:1048300002AA822100940848FEF70CF9022301AA7B
:10484000822105480094FDF7DDFFBDF8040040BA61
:104850003EBD000002000000D40F00203EB50BA0BA
:10486000FF2400680290012302AA822100940848D4
:10487000FEF7F0F8022301AA822105480094FDF713
:10488000C1FFBDF8040040BA3EBD000004000000B6
:10489000D40F00203EB50BA0FF2400680290012336
:1048A00002AA822100940848FEF7D4F8022301AA44
:1048B000822105480094FDF7A5FFBDF8040040BA29
:1048C0003EBD000003000000D40F00200A4B012869
:1048D00008D002280ED1C001012906D0002909D133
:1048E000012203E04FF40070F6E70022014618466B
:1048F000FDF7B8BE70470000000C01402DE9F04103
:1049000002F06AFA040038D024A102F057FA0746F0
:1049100024A1204602F052FA064624A1204602F0C5
:104920004DFA054623A1204602F048FA23497A6948
:104930002AB1012A0A8825D022F001020A80726970
:104940002AB1012A0A8820D022F002020A806A696C
:104950002AB1012A0A881BD022F004020A80406989
:1049600028B10128088816D020F0080008802046C9
:1049700002F0FCF90120BDE8F08111A001F008FB74
:104980000020F8E742F00102D8E742F00202DDE73A
:1049900042F00402E2E740F00800E7E74C4544310A
:1049A000000000004C4544320000000042454550E4
:1049B0000000000052454C415900000084140020C2
:1049C0007061727365206661696C2E0A00000000D8
:1049D00010B5164886B00DF1040C0189C48983898D
:1049E00042898CE81E00C18800918388428810A10A
:1049F0001E4801F0DDFA1D4A1DA102F1800001F000
:104A0000D7FA1A491AA0803101F0C2FA174880304B
:104A1000FBF7D6FB154982B24FF47A738031154803
:104A2000FFF764FB06B0012010BD000084140020D5
:104A30007B225450223A25642C225248223A256483
:104A40002C22564F223A25642C224355223A2564C3
:104A50002C225057223A25642C225652223A2564A1
:104A60002C22435055223A25647D0000DC0C0020A6
:104A700025730000D81200203EB500211248009195
:104A80000191104A02910260816001730175012455
:104A90004FF460220461C2614160FCF719FE08B165
:104AA000FCF7F4FC1020CDE90004072002906946D1
:104AB0000548FCF78BFD08B1FCF7E8FC0248FCF761
:104AC00019FD3EBD00240140A40F00200F4810B581
:104AD0000D4901600821416000214FF4A02281604E
:104AE000C0E903124FF4801242610176417681766B
:104AF000C17601774177FDF70DFA002803D0BDE8B4
:104B00001040FCF7C3BC10BD006400407C0F0020C7
:104B1000094808B5416941F001014161406900223D
:104B200000F00100009011460D20FEF783FABDE869
:104B300008400D20FEF770BA001002402DE9F04148
:104B400086B000242C480094019402940394816957
:104B500041F010018161816901F0100104918169C6
:104B600041F020018161816901F020010491816996
:104B700041F004018161816901F0040104918169BE
:104B800041F00801816180691C4F00F008004FF47A
:104B900000550490002229463846FDF763FDDFF8F2
:104BA0006080002206214046FDF75CFD01224FF4A3
:104BB00040714046FDF756FD0095022601250396FB
:104BC000CDE9015469463846FDF75CFC40F20230FD
:104BD000CDE90005CDE9024669464046FDF752FCA5
:104BE0000420CDE9000569464046CDE90245FDF7C0
:104BF00049FC06B0BDE8F081001002400010014001
:104C0000000C01400D4810B50B4901600C49416092
:104C100000214FF480428160C0E90312416181614B
:104C2000C1610162FDF72AFD002803D0BDE81040F4
:104C3000FCF72CBC10BD000000540040D40F002035
:104C4000A086010010B586B0002418480094019495
:104C500002940394049414490594016041F61F41A1
:104C6000C0E9011441F28831C0E903148021C0E990
:104C70000541FEF78FFD08B1FCF708FC4FF48050AA
:104C8000009069460948FEF74AFE08B1FCF7FEFBB2
:104C9000049404A905480594FEF748FD002801D0B6
:104CA000FCF7F4FB06B010BD002C014028100020DA
:104CB00010B586B000241748009401940294039420
:104CC00004944FF08041059401604721C0E901142C
:104CD0004FF40051C0E9031480218161FEF75AFDB1
:104CE00008B1FCF7D3FB4FF48050009069460948A7
:104CF000FEF715FE08B1FCF7C9FB049404A90548AA
:104D00000594FEF713FD002801D0FCF7BFFB06B0A9
:104D100010BD00007010002010B586B000241748A8
:104D2000009401940294039404941349059401603F
:104D300040F60F61C0E901146421C0E90314802129
:104D40008161FEF727FD08B1FCF7A0FB4FF480500E
:104D5000009069460948FEF7E2FD08B1FCF796FBB2
:104D6000049404A905480594FEF7E0FC002801D04E
:104D7000FCF78CFB06B010BD00040040B81000200A
:104D800010B586B00024174800940194029403944F
:104D9000049413490594016041F61F41C0E90114D0
:104DA0006421C0E903148461FEF7F4FC08B1FCF748
:104DB0006DFB4FF48050009069460A48FEF7AFFD46
:104DC00008B1FCF763FB049404A906480594FEF7B8
:104DD000ADFC002801D0FCF759FB06B010BD000067
:104DE00000080040001100200C4810B50A4901607D
:104DF0004FF4E1314160002181600C22C160C0E9C3
:104E000004128161C161FFF735F8002803D0BDE8C5
:104E10001040FCF73BBB10BD003801404812002099
:104E20000C4810B50A4901604FF4E131416000219E
:104E300081600C22C160C0E904128161C161FFF789
:104E400019F8002803D0BDE81040FCF71FBB10BDC7
:104E500000440040901200200C4810B50A4901603F
:104E60004FF4E1314160002181600C22C160C0E952
:104E700004128161C161FEF7FDFF002803D0BDE887
:104E80001040FCF703BB10BD00480040D8120020C2
:104E9000FEE7000010B58AB0202102A8FBF773F9E5
:104EA0001149002000F08EFA0F4C10A0641E6178AA
:104EB00001F06EF8627814A102A801F079F80223DB
:104EC00002AA0621002000F003F900200121CDE90B
:104ED00000014FF4E1330246617802F067FA02F014
:104EE00081F80AB010BD00001D0000205265616409
:104EF0005F536C6176654164647265737320697396
:104F00002025640A00000000536C617665416472DC
:104F10006573733A253264200000000070B5224C9E
:104F20002078002630B12670FCF7E2F8FFF73AFC53
:104F3000FCF718F8A0781D4D90B1A670A97C61709F
:104F4000002001F00FF80A20FDF78AFA02F03AF883
:104F500002F028F8FFF79EFF6178154804F0B6FECE
:104F60002878C00701D0012100E000210120FFF7CF
:104F7000ADFC2878800701D5012100E00021022046
:104F8000FFF7A4FC2878400701D5012000E00020AD
:104F9000FCF758F92878000701D5012000E000202F
:104FA000BDE8704000F0FEB91C0000208414002011
:104FB00058090020FEE70020AFF3008070B50646D8
:104FC0005FF0000404F1B000C0B200F0A7FF0020C1
:104FD00000F0A4FF102000F0A1FF0025304600F0F3
:104FE000AFFF6D1CEDB2802DF8D3641CE4B2082C29
:104FF000E8D370BD10B50120FDF732FAAE2000F005
:105000008DFF202000F08AFF102000F087FFB020E5
:1050100000F084FFC82000F081FF002000F07EFF38
:10502000102000F07BFF402000F078FF812000F08E
:1050300075FFFF2000F072FFA12000F06FFFA62097
:1050400000F06CFFA82000F069FF3F2000F066FF31
:10505000A42000F063FFD32000F060FF002000F0E8
:105060005DFFD52000F05AFFF02000F057FFD92057
:1050700000F054FF222000F051FFDA2000F04EFF34
:10508000122000F04BFFDB2000F048FF202000F052
:1050900045FF8D2000F042FF142000F03FFFBDE8E7
:1050A0001040AF2000F03ABF10B50446B031C8B28E
:1050B00000F034FF102040EA141000F02FFF04F03D
:1050C0000F00BDE8104040F0010000F027BF0000D5
:1050D0002DE9F047002591468A460446012B22D04F
:1050E000DFF8BC80022B24D155E02038C7B27E2CDB
:1050F00004D90AF10100002400F0FF0A51462046BD
:10510000FFF7D2FF07EB4700002608EB4007B85D2A
:1051100000F016FF761CF6B2062EF8D3A41D6D1C07
:10512000E4B2EDB201E0DFF87C8019F80500002858
:10513000DBD1BDE8F0872038C7B2782C04D90AF15A
:105140000100002400F0FF0A51462046FFF7ACFFA3
:105150005FF0000606EB071118F8010000F0F0FE02
:10516000761CF6B2082EF5D30AF10100C1B2204632
:10517000FFF79AFF5FF0000606EB071101EB08004E
:10518000007A00F0DDFE761CF6B2082EF4D3083467
:105190006D1CE4B2EDB219F805000028CBD1C8E7C8
:1051A00070A6000848A4000810B504F0A3FE002073
:1051B00010BD10B5044602F037FC204602F0F4FBA7
:1051C000002010BD10B5044602F0DCFD204602F0C0
:1051D0009DFD002010BD0000D0F80812097869B9C3
:1051E00000210A4606E000BFD0F80C3243F8212027
:1051F000491CC9B290F805328B42F5D8002070479F
:1052000030B401EBC102846802254FF0FF3305EB97
:105210004205635300238468062505EB4202A3522E
:1052200030BCC9B204F046BC30B401EBC1028468A2
:1052300004254FF0FF3305EB420563538368C9B281
:1052400013F8124024F0010403F8124030BC04F0BB
:1052500031BC00002DE9FC41064640694FF4C055C1
:105260000489B0690789C4B1DFF83C80BC4214D816
:1052700001AB6A462946304604F011FC009838B963
:10528000019828B1C0F80880C0F80C80C0F81480DC
:105290006D1C641CADB2A4B2E8E73046BDE8FC4129
:1052A000002101F0D2BB00003B5700082DE9F04778
:1052B0000446406900260589A069B0F8088035BB1E
:1052C000BDE8F087A16806EBC607022000EB47099E
:1052D00031F90900FCF772F8A26822F80900A16808
:1052E000042000EB470931F90900FCF767F8A268D0
:1052F000761CF6B222F80900A1680020062201F807
:105300001700A16802EB47026D1C8852ADB24545FB
:10531000D8D9D5E770473EB50446D0F8A400008838
:10532000A8B120686946007800F5E060ADF800009B
:1053300001208DF8030000208DF8020094F8780019
:105340008DF80400D4F8E00101F006FE3EBD34F90A
:10535000A80FFCF733F820803EBD10B5FF21C0F840
:105360000411C0F80011491CFAF70DFF002010BD10
:10537000D0E94010814201D10120704700207047E0
:10538000D0F80411D0F80001491CCA1701EB1262D1
:1053900022F0FF02891A814201D1012070470020CA
:1053A00070470000064B012806D0002806D10022D5
:1053B00002211846FDF756B90122F9E770470000AF
:1053C000000C01403EB50C4601254FF47A71009463
:1053D000CDE9015102462B46A1210448FDF7D0FB3F
:1053E000207800B9257001203EBD0000D40F0020B8
:1053F0007CB51D46144601AB6A4604F050FB00998B
:1054000031B9019921B10079A04201D941F8245064
:1054100000987CBD2DE9FC41054640690F46408857
:10542000002831D007EB870105EB0114A96994F836
:10543000282049881044884226D86968134E51F8BC
:105440003000C06A90F800804FF0FF30A4F872007E
:10545000852084F82A0094F83200CDE90006238ED6
:1054600094F82910284604F0F9FBE662626F2AB12D
:10547000414628469047E06AB04205D1F9B2284635
:10548000BDE8FC4104F0F2BABDE8FC81000004056F
:105490001FB501EB810100EB01114A6B0AB98A6B60
:1054A0004A630392012203ABCDE90032029201F17B
:1054B0003C0391F83220098E01F056FB04B010BD78
:1054C00070B501EB810100EB01118C6BA018202855
:1054D00001D9FF2070BD002006E026181D5C0E4497
:1054E000401C86F83C50C0B29042F6D3886B104402
:1054F0008863002070BD70472DE9F05F8B4621491D
:1055000082460026B1F900001C4691461C4D401C05
:1055100008E000BFB9F1000F01D02A7852B1761C23
:1055200036B21835864201DC082EF3DB4FF0FF302F
:10553000BDE8F09F8846864201D1A8F8000002F03D
:10554000AFF907464FF4005120468C4200D308467D
:10555000D8F80420BA4207D9D21B824204D93A189B
:10556000C8F8042004F0AAFCE019C5E903B0C5E9B5
:1055700001A90A986861012028703046D8E7000028
:10558000AC140020FC00002004F084BBFDF7ECBC50
:1055900030B593B028216846FAF7F5FD14210AA822
:1055A000FAF7F1FD002501200F95109511950104E2
:1055B00012958DE8230004904FF4E010CDE9081017
:1055C000022407946846FDF70BFF08B172B6FEE7A8
:1055D0000AA90F2081E831004FF48060CDE90D0564
:1055E00002210AA8FDF720FE08B172B6FEE74FF4CB
:1055F000004011900F940FA8FDF7A0FD002801D0E6
:1056000072B6FEE713B030BD704700000148FEF7E8
:10561000F5B900002810002010B50348FEF7EEF998
:10562000BDE8104000F05AB970100020054800682D
:105630000169C90705D06FF00101016102480068E6
:1056400000477047B8100020500000200148FEF7C6
:10565000D5B9000000110020F0B50268194B1A4CB2
:105660001A4D4FF08047984205D0B84203D0A0426F
:1056700001D0A84203D122F070064A683243984212
:1056800005D0B84203D0A04201D0A84203D122F4F1
:105690004074CA6822434C6922F0800222430260AF
:1056A0008A68C2620A688262984201D1096901630C
:1056B000012141610169C90703D0016921F001019C
:1056C0000161F0BD002C01400004004000080040D2
:1056D00010B5846842EA032224F47F440A4322433B
:1056E000826010BD826822F070020A4342F0070116
:1056F0008160704710B5036A046A24F001040462F3
:10570000846924F0F00444EA021423F00A020A43F4
:105710008461026210BD10B5036A046A24F01004AB
:105720000462846923F0A00324F4704444EA023242
:1057300043EA01118261016210BD2DE9F041044686
:1057400090F87E0048B3022A03D0032A01D0052A2C
:1057500023D16269A088127A00EBC200081AC0F354
:10576000C705A16805EBC506022000EB4607C85F28
:10577000FBF724FEA168C853A168042000EB46078C
:10578000C85FFBF71BFEA168C853A168002001F8A1
:10579000160029462046FFF733FD0020BDE8F081C2
:1057A00030B5002341F20265441B1360A84261D06A
:1057B00028DC41F20144A0EB0402A04250D016DCE8
:1057C00041F21804A0EB0402A04243D008DCB0F57B
:1057D000805F3DD06FF48052D04235D1012064E02B
:1057E000B2F5F47F38D0B2F57A7F2DD136E0012AB8
:1057F00038D0022A38D0A2F58072FF3A36D0012A7A
:1058000022D135E040F2FE35A4F2FE30AC4245D064
:1058100011DC40F2FF15A4F2FF10AC4231D005DCE0
:10582000012C29D0B4F5FF7F0ED127E001282DD01F
:10583000022809D12EE0012832D0022832D00328D4
:1058400032D0B0F5C06F35D01C480860002030BDA4
:1058500000202AE0022028E0032026E0042024E0A3
:10586000052022E0062020E007201EE008201CE0A2
:1058700009201AE00A2018E00B2016E00C20104C3A
:1058800002E00F4C0D201C3414600EE00C4C0E2076
:105890003834F9E70A4C0F205434F5E7102004E0BF
:1058A000112002E0122000E013200B60054901EBFB
:1058B000C00030BD024C14207034E5E70000020641
:1058C00020160020A4AE00089F2803D1087808B154
:1058D0000148704700207047300009062DE9F0416B
:1058E0004FF4005401F0DCFF204D02466868831835
:1058F00000211F4815E00678F6070FD006699E4282
:105900001DD84669C6B1B2FBF6F706FB1727F61B92
:10591000032706610770A64200D23446491C09B22B
:105920001830B5F90060B142E5DD20466C6004F046
:10593000C5FA00260E4C13E002260670EEE7F61AB2
:105940000661E8E72078810707D520F00200207083
:10595000A26812B1E16860689047761C36B21834CC
:10596000B5F900008642EDDDBDE8F081FC000020C5
:10597000AC14002010B5406A0021C185C184FEF737
:1059800041F910BD70B5446A2068406994F841102F
:10599000C0F3C0100025212904D118B1E5842046A8
:1059A00000F08EF82068406994F84210C0F380102F
:1059B000222904D118B1E585204600F05AF8606C20
:1059C00040F0100060642046FEF71CF970BD10B571
:1059D0000146406A096809684FF0000289062ED422
:1059E000C28501680C3151E8003F23F4807341E81F
:1059F0000034002CF5D10168143151E8003F23F048
:105A0000010341E80034002CF5D10168143151E85C
:105A1000003F23F0400341E80034002CF5D1202161
:105A200080F84210016B012909D101680C3151E85D
:105A3000003F23F0100341E80034002CF5D142630D
:105A4000016B012902D0FEF705FB10BD818DFEF729
:105A5000A0F810BD10B5406A01214163016B012916
:105A600002D0FEF71BFB10BD818D4908FEF791F8AF
:105A700010BD01680C3151E8002F22F4907241E80A
:105A80000023002BF5D10168143151E8002F22F0DA
:105A9000010241E80023002BF5D1016B012909D156
:105AA00001680C3151E8002F22F0100241E8002378
:105AB000002BF5D1202180F84210002101637047AE
:105AC00001680C3151E8002F22F0C00241E80023A8
:105AD000002BF5D1202180F84110704708B590F8CF
:105AE0004210222901D0022008BD82684FF4805361
:105AF0009A4201D1016921B1816A9A421BD04AB10F
:105B00000AE00268816A5268C2F308020A80816A68
:105B1000891C08E0026972B10268526802F07F02D3
:105B20000A70816A491C8162C18D491E0904090CF1
:105B3000C18503D01BE002685268F1E70168CA68BA
:105B400022F02002CA600168CA6822F48072CA602A
:105B500001684A6922F001024A61202180F842105E
:105B600000214163026B012A03D0FEF773FA002083
:105B700008BD016301680C3151E8002F22F01002CA
:105B800041E80023002BF5D101680A68D20602D54E
:105B90000A6849680091818DFDF7FBFFE7E7000087
:105BA00070B5044600680169E26821F44051114370
:105BB00001612169A0680843616908432168CA68D6
:105BC00041F20C639A430243CA6020684169A269AA
:105BD00021F44071114341611E492068884202D17D
:105BE000FDF7C8FB01E0FDF7B5FB00EBC00101EBE1
:105BF0000012606864218000B2FBF0F3B3FBF1F3A4
:105C00006FF018067343B2FBF0F5B2FBF0F605EB4C
:105C10008305322303EB0515B5FBF1F5B6FBF1F671
:105C200005F0F00505EB0615B2FBF0F6B2FBF0F05F
:105C3000B0FBF1F06FF01802504306EB800003EB6D
:105C40000010B0FBF1F0216800F00F0028448860DC
:105C500070BD00000038014038B58162044682857D
:105C6000002013466064222284F84220E56B1B4A20
:105C7000AA62E56B1A4AEA62E56B1A4A2A63E26B8A
:105C800050630A462168E06B091DFCF7B1FB2068F0
:105C9000016840680090206948B120680C3050E8E5
:105CA000001F41F4807140E80012002AF5D12068FD
:105CB000143050E8001F41F0010140E80012002AB2
:105CC000F5D12068143050E8001F41F0400140E851
:105CD0000012002AF5D1002038BD0000CF5900087D
:105CE000555A0008855900082DE9F843984617468B
:105CF0000D460446089E24E0701C22D0FCF7B8FC38
:105D0000A0EB0800B0421AD8CEB12068C16849079C
:105D100017D5802D15D0402D13D00168C943090730
:105D20000FD401680025406800902046FFF7A1FECF
:105D30000820606484F840500120BDE8F883032007
:105D4000FBE72068006835EA000004D00020B84274
:105D5000D2D00020F1E70120F9E7000010B50D4C8A
:105D600020680168890605D56FF0200101600A48A6
:105D7000006880472068016809060AD5016849065D
:105D800007D56FF08001016004480068BDE810404D
:105D9000004710BD90120020480000204C00002059
:105DA00010B50448FDF730FFBDE81040014800F091
:105DB00009B80000D81200200148FBF7ADBF000071
:105DC0007C0F002038B504460068224988423FD144
:105DD0000168890702D40168490717D56FF00201ED
:105DE000016021686FF004000860606C00F004003E
:105DF0006064606C00F0020060642046FDF7CAFE3B
:105E00004FF4807214492046FEF716F920680168A5
:105E1000C943C9061CD40168406800900F48006857
:105E200040680F4C40422178401AC5B20D48FDF73A
:105E300037FD094821782A4601440B48FBF70EFB41
:105E4000002802DA09A000F0A3F820782844207086
:105E500038BD0000004800404811002020130020F9
:105E60002300002000110020B40B00204649464FBB
:105E70002046756C6C0A0000FEE700002DE9F04139
:105E8000070017D000241C4E4FF47A780BE031192C
:105E90000D463846FBF7A8FA294643460122174823
:105EA000FEF724F9641C3846FFF762FA0028EED0AA
:105EB000002030551248007860B10A2211A10E4826
:105EC000FAF793F930B112A10B48FAF767F908B164
:105ED000FEF714FD084908482039FAF75FF910B1B8
:105EE0000120BDE8F0810BA10348FAF757F900281B
:105EF000F7D00220F5E700007B0E002048120020BA
:105F00002000002041542B4D515454505542000064
:105F10007B0000004552524F520D0A001CB5002173
:105F20008DF804108DF805004FF47A70009002236C
:105F300001AA78210148FCF78DFD1CBDD40F00207B
:105F40001CB540218DF804108DF805004FF47A70CF
:105F50000090022301AA78210148FCF77BFD1CBDBB
:105F6000D40F002003B583B04FF47A73012204A943
:105F70008DE80E0013460246A0210348FCF72EFFD1
:105F800005B0012000BD0000D40F002070470000C4
:105F90000FB4054B10B503A9044A029800F0D2F9DA
:105FA00010BC5DF814FB000089780008A80B0020E5
:105FB0000FB4084B10B504A902AA039800F0C2F967
:105FC000044602A9002000F047FE204610BC5DF800
:105FD00014FB0000596C00080907090E002804DBB7
:105FE00000F1E02080F80014704700F00F0000F18D
:105FF000E02080F8141D704730B528B1144C031F01
:10600000002021680A4605E0084630BD9A4203D8C0
:1060100010465268002AF9D1002800D041680BD000
:106020000468A3EB0005A54204D11B681C44034689
:10603000046002E0436000E023603AB11C68D51AB6
:10604000A54203D115682C441C6052685A6030BDCB
:10605000AC0B00202DE9F04782460F4C10480D4E46
:106060000E4F001B4FF0000820F007054FF001090C
:1060700000221146504601F039FD002802D1306857
:1060800010B10020BDE8F0873C60C4E90058C6F8B4
:106090000090EDE7B00B002044170020AC0B00206F
:1060A0004019002002E008C8121F08C1002AFAD1D6
:1060B00070477047002001E001C1121F002AFBD188
:1060C000704700002DE9FF5F82B00021DDE9043058
:1060D000020DDDF840B0034318D044F61050A2F290
:1060E000FF3242431514119801281FD0A5EB0B0075
:1060F000401C5FEA000A4FF000064E4FDFF838916F
:10610000B046504615D5CAF1000413E01198012499
:106110004AA3012801D16FEA0B010298119AC0E944
:106120000031C0E9024206B0BDE8F09FCBF10000AB
:10613000DFE704460021404A491842EB0450CDE90C
:10614000001012E0E00707D032463B464046494681
:10615000FAF72FFB8046894632463B4610461946E1
:10616000FAF727FB06460F466410002CEAD1DDE95A
:106170000401DDE90023BAF1000F06DAFAF719FB92
:1061800042464B46FAF715FB05E0FAF784FB424618
:106190004B46FAF780FB04460E460022284BFAF7DE
:1061A0005DFC03D84FF0FF30014607E00022254B8D
:1061B00020463146FAF756FAFAF7FAFD102409E0BC
:1061C000002C0ADB0A220023FAF792FC039B3032F0
:1061D0001A55641E50EA0102F2D1641C039AC4F1FC
:1061E00011031444119A012A03D0012208430DD14E
:1061F0000AE0084304D000204FF0110B119072E721
:10620000A3EB0B056D1E0DE05B4504DD4FF00002B6
:1062100005F1010504E003DA4FF00002A5F10105E4
:10622000002AECD002981199C0E90231C0E900457A
:1062300079E70000000014400000F03F300000004B
:106240000000F0430000E03F2DE9FC411C468C4675
:10625000DDE908581746D0F8E4310A9E01AA6946DC
:1062600060469847009911B10846BDE8FC81017964
:10627000B94201D82448F8E707EB470136B1026874
:1062800012F82120D20701D02048EEE75CB10422A9
:10629000066802EB8102D5F800C0B358634505D902
:1062A0001B482B60E1E74FF00060DEE7012303EBC2
:1062B0008101735C88F8003000680821092B86583A
:1062C00007EB470201EB820106D0415832462046D7
:1062D000F9F740FF2E6014E040582A68014602B9E1
:1062E0003246024403E000BF04F8013B401C03783F
:1062F0000BB19042F8D3411A2960B14201D200217A
:1063000001700020B1E7000011000906010001063C
:10631000050004057047704730380A2801D2012073
:10632000704700207047704770477047704770474C
:1063300070477047016A0978002902D1812201F073
:10634000D2BC70472DE9FF4F95B09A468846064665
:106350000025EEE1252877D100242746F94A0121BE
:10636000039400E0044316F8013F203B01FA03F0D8
:106370001042F7D130782A2811D06FF02F033078EF
:10638000A0F13002092A16D8039A44F0020402EB65
:10639000820203EB42021044761C0390EFE758F8A8
:1063A000042B0392002A03DA504244F40054039071
:1063B00044F00204761C30782E2816D116F8010F0E
:1063C00044F004042A280DD06FF02F023078A0F199
:1063D0003003092B09D807EB870302EB4303C718E7
:1063E000761CF3E758F8047B761C30786C280FD0C5
:1063F00006DC4C2817D068280DD06A2814D104E098
:10640000742810D07A280FD10DE044F400140AE06B
:1064100044F4801401E044F440147278824202D1C2
:1064200004F58014761C761C307866280BD013DCBB
:10643000582877D009DC002875D04528F6D04628A2
:10644000F4D047281AD193E118E0632835D06428A6
:1064500079D0652812D18BE1702873D008DC6728C9
:10646000F1D069286FD06E280DD06F2806D1ACE02E
:1064700073282CD0752874D0782853D05246179999
:1064800090476D1C54E1C4F30250022809D0032840
:106490000DD0D8F8001004280DD00D6008F10408C4
:1064A00046E1D8F80010EA17C1E90052F6E7D8F83B
:1064B00000100D80F2E70D70F0E718F8041B8DF85E
:1064C000001000208DF80100EB46012003E058F891
:1064D00004BB4FF0FF3061074FF0000102D40DE024
:1064E00009F101018946B9420FDA8145F8DB1BF851
:1064F00009100029F4D108E009F10101894681421F
:10650000FADB1BF809100029F6D103985346A0EBDB
:10651000090721463846179A00F080FA284400EB14
:10652000090507E044E008E10DE01BF8010B5246C5
:1065300017999047B9F10109F7D2534621463846D9
:10654000179AF2E039E00A21C4F302524FF0000B2F
:106550000091022A06D058F8040BC117032A09D06B
:106560000AE023E008F1070020F00702F2E8020148
:10657000904605E000B2C117042A01D140B2C1170C
:10658000002906DA0A460021404261EB02012D2271
:1065900002E0220504D52B228DF80420012203E01D
:1065A000E20701D02022F7E7914657E00A2100E0F8
:1065B00010214FF0000B00910BE010214FF0000B69
:1065C00044F004040827009103E008204FF0000B7A
:1065D0000090C4F30252022A05D058F8040B00219F
:1065E000032A08D008E008F1070020F00702F2E8CB
:1065F0000201904603E080B2042A00D1C0B24FF0FD
:10660000000922072AD53278702A07D0DDF800C0A9
:106610008CF0100C5CEA0B0C05D00EE040228DF8DB
:106620000420012208E050EA010306D030238DF84F
:1066300004308DF8052002229146009B83F0080368
:1066400053EA0B030AD150EA010201D1620705D5D2
:1066500030228DF804204FF001097F1E3278582A2D
:1066600004D039A20C920CAA02920BE03BA2F9E7EB
:106670005B46009AFAF73CFA0C9B9B5C029A521E0E
:106680000292137050EA0102F2D1029804A9081A8A
:1066900000F1200B600702D524F4803400E00127CC
:1066A0005F4502DDA7EB0B0000E0002000EB0B01D3
:1066B000009003984944401A0390E00306D45346DF
:1066C0002146179A039800F0A9F90544002706E02F
:1066D00001A85246C05D179990476D1C7F1C4F451D
:1066E000F6DBE0030CD553462146179A039800F0D9
:1066F00095F9054404E030205246179990476D1CE7
:106700000099481E00900029F5DC08E002980299E3
:1067100052460078491C0291179990476D1CBBF1B5
:106720000001ABF1010BF1DC5BE100F065F9054420
:10673000761C307800287FF40DAE19B02846BDE8ED
:10674000F08F0000092801003031323334353637FC
:1067500038396162636465660000000030313233AD
:10676000343536373839414243444546000000004D
:10677000600700D4062708F1070020F00700F0E8C2
:106780000223804603F0004C5FEA0C0001D097A082
:1067900009E0200501D596A005E0E00701D095A00D
:1067A00001E0AFF24C001390307823F000436528ED
:1067B0000CD006DC452809D046281DD047287FD1BB
:1067C0003BE0662818D067287AD136E00021112FE7
:1067D00001DB112000E0781CCDE9000104A90CA820
:1067E000FFF770FCDDE90D010C9A4FF0000B07F18B
:1067F0000109109200914EE04FF000400097CDE962
:10680000011004A90CA8FFF75DFCDDE90D020C9B4B
:106810000F994FF0000B91461093009211B9791C1B
:1068200000EB0109B7EB090003D4C0F1FF3B07F10E
:106830000109A9EB0700019042E0012F00DA0127CE
:106840000021112F01DD112000E03846CDE90001C3
:1068500004A90CA8FFF736FCDDE90D010C9A0091A4
:106860004FF0000BB946109221070FD4009A4A4509
:1068700003DA914601E0A9F10109B9F1010F05DD43
:10688000109AA9F10101515C3029F4D0B84202DA22
:1068900010F1040F03DA0121CDE9011010E0002806
:1068A00003DC8344A9EB000102E0411C494500DD03
:1068B0008946A0EB0B00401C01904FF00040029075
:1068C000200705D40198484502DB4FF0FF300190C6
:1068D00000208DF84B0002980DF14B07B0F1004FEE
:1068E00025D002200C902B200D90029800280CDA65
:1068F000404202902D200D9007E00A210298FAF7FD
:10690000E1F83031029007F8011D0C99481E0C90F7
:106910000029F2DC02980028EFD1791E0D9808704A
:10692000307800F0200040F0450007F8020D11A873
:10693000C01BC01D02901398007800B1012000EB2D
:106940000901019801EBE071029801440398401A93
:10695000401E0390E00306D453462146179A03983D
:1069600000F05CF805441398007818B15246179966
:1069700090476D1CE00323D553462146179A039890
:1069800000F04CF805441BE0BBF1000F07DB00985A
:10699000584504DD1098179910F80B0001E017997D
:1069A00030205246904701980BF1010B401E05F133
:1069B0000105019004D12E205246179990476D1C75
:1069C000B9F10001A9F10109DEDC05E017F8010BBE
:1069D0005246179990476D1C0299481E0290002953
:1069E000F4DC53462146179A03989EE62D000000DA
:1069F0002B000000200000002DE9F0410446002596
:106A00001E461746880404D405E039462020B047C6
:106A10006D1C641EF9D52846BDE8F0812DE9F041D2
:106A2000044600251E469046C80301D5302700E0E5
:106A30002027880404D505E041463846B0476D1C40
:106A4000641EF9D52846BDE8F0812DE9FE4F0446C5
:106A50004069002589460689A069078994F87E0067
:106A600000280ED0002E6AD0A846CDF80080CDF8C0
:106A70000480CDF8088060E005286ED00B2858D03F
:106A8000FF20BDE8FE8F606850F836004169096854
:106A9000002901DA0B2024E0006AB9F1000F23D0AD
:106AA0000178E9B3F02925D8A26805EBC50112F8F1
:106AB00011305B1CDBB202F811300278934219D11D
:106AC000A268204602F81180CDF80080CDF804803D
:106AD0006A462946CDF8088000F0DDF80028D9D1B3
:106AE0000520BE42C8D92AE00078FF2829D0FE2818
:106AF00027D01CE00078FC2818D105EBC50A062237
:106B0000A16802EB4A000A182946204600F0C3F8A3
:106B10000028A06810F81A1003D021F0010202E04A
:106B200016E041F0010200F81A20B3E780B1BE423E
:106B300005D86D1C761CEDB2B6B2BE42A3D90020BA
:106B40009FE7A06805EBC50110F81100C007EDE74D
:106B50002946204602F0AEFF9CE76A4629462046B9
:106B600003F02CF896E700002DE9FF4F83B0914623
:106B7000DDE910758246D0F8E43101AA694604982F
:106B8000984704460098002803D12179494503D845
:106B90002E4807B0BDE8F08F09EB490625B1206803
:106BA00010F82600022811D00121206801EB86018F
:106BB00010F80180042101EB86014558386848B17E
:106BC000A84207D0B8F1090F02D03BE02048E0E727
:106BD000A84237D2DAF82420404606999047009020
:106BE0000028D6D10820216800EB860B3A6851F8BE
:106BF0000B000699F9F7AEFAB8F1090F07D138681A
:106C0000A84204D22368002253F80B100A543D60B6
:106C1000019850B150F82930494633B10A4621460F
:106C20005046984700900028B3D1206810F82600FD
:106C3000400705D5DAF8E83150464A4604999847A6
:106C40000020A6E703483D60A3E700001100090605
:106C500002000106100007060A68531C0B60107042
:106C600070477047704710B530B1036823B1D0E961
:106C70000121914201D204E0002010BD491C816035
:106C800020B1914202D25C5C202CF7D99142F4D120
:106C9000491E816010BD2DE9F04F4369834691463E
:106CA0001889DBF80420C00000EBC1045B89A05800
:106CB000DB0003EBC1018F184069396889B0008897
:106CC000D1F808A00026C0F30A01A9F80010354643
:106CD00089F8026000200490059006EB4602142318
:106CE000396803EB82028A581368190C13F0FF0409
:106CF0002ED02B190793402B2AD8A4F1010C012385
:106D000003EBDC0CCDF818C01288CDE902030DF1BD
:106D1000200C0DF11808CDE9008CC2F3072204AB5A
:106D20005846FFF791FA18B1FF2009B0BDE8F08F7F
:106D300009EBD502121D0092002005F00701CDE9F4
:106D40000110002320461A4604A9FAF7CBFA079D42
:106D5000761C9AF80000F6B2B042BBD801206D1E36
:106D600000EBD50089F803000020DEE72DE9F041B3
:106D700004460027104E1BE0A0892568C0050BD4EF
:106D8000A06820B1FFF7F2FFA089C00504D42069F4
:106D900010B1716888472761A089800504D4206AF2
:106DA00010B17168884727627168204688472C4671
:106DB000002CE1D1BDE8F08110000020002200F09D
:106DC000B6BD10B5016828208847040002D02821EC
:106DD000F9F7D9F9204610BD0022114600F06EB82F
:106DE0002DE9F04788B00F4604469A4616461C2106
:106DF0006846F9F7C8F92F480025002C0560456062
:106E000055D08146E7B3CDE900470295D9E9021292
:106E1000D9F810000491CDE9052009F10800FFF729
:106E2000D0FF5FEA00082BD000986F4608B10298A7
:106E300008B100270BE00198042808D903221EA1FD
:106E40000098F9F7DFF910B90298C01C0290384693
:106E5000FFF709FF0146404601F0E8F968B1BAF1D1
:106E6000000F13D06846FFF7FEFEDDE90101814205
:106E700003D202990098405C40B14046FFF776FF8C
:106E8000DDE9011088420AD205460BE01EB10299E5
:106E9000009808443060404608B0BDE8F087081EFE
:106EA00000D0451E0EB160193060C9E900450020D0
:106EB000F2E7000008000020EFBBBF0070B51546E8
:106EC0000E46040009D0F9F77BF9411C2B463246E7
:106ED0002046BDE87040FFF783BF002070BD30B48E
:106EE0000A88D3090F2B35D2DFE803F02D083418B8
:106EF000181818181818181F1F342600802A06D0D2
:106F000090F87B20002A25D030BC01F00DBA90F813
:106F10007C1000291ED030BC02F046BD90F87E20C7
:106F2000002A17D030BC01F0D9BA90F87A20002A94
:106F300010D030BC01F0E8BB90F87D20002A09D0C9
:106F400030BC01F04DBA026A1278002A02D030BC7F
:106F500001F0FBB930BC7047F0B587B000260F4D8B
:106F60000596C87828610C46CA780DF10B00091DFA
:106F70000746F9F7EFF8AE6020882860A07800B1E6
:106F80000220E86005AB3A4604490548FAF76AFD75
:106F900010B1002007B0F0BD0120FBE76C15002008
:106FA0007C0F0020064810B501780024012902D08A
:106FB0000624204610BDC0690028FAD08047F8E7B3
:106FC0002800002010B5064C207818B1012805D003
:106FD000062010BD6069804701202070002010BD90
:106FE0002800002070B5064D00242878012802D022
:106FF0000624204670BD2869804700202870F8E7E5
:107000002800002070B50C460988002505292FD1DD
:10701000417840F2CF760A0281781143C278491C48
:107020001302027989B21A43531EB34220D20023BD
:107030002380012300F8013B2688761C2680560712
:1070400003D003EBD203DEB201E0C2F3C70600F8BF
:10705000016B23885B1C2380002300F0D5FA18B154
:1070600002F0B6FC054604E020883044208000E0B1
:107070000325284670BD70B50C46098800250529F2
:107080002FD1417840F2CF760A0281781143C2783D
:10709000491C1302027989B21A43531EB34220D20B
:1070A00000232380022300F8013B23885B1C2380FC
:1070B000530704D0012303EBD203DEB201E0C2F395
:1070C000C70600F8016B23885B1C238000F0EAFAF6
:1070D00018B102F07DFC054604E020883044208091
:1070E00000E00325284670BD70B50C4609880026CF
:1070F000052928D1417805790A0281781143C2789F
:10710000491C45EA02256A1E89B27C2A1BD8002246
:107110002280032200F8012B22880023521C2280A7
:107120006A0000F8012B2288521C22802A4600F0B7
:10713000F9FA18B102F04CFC064605E0208800EB95
:107140004500208000E00326304670BD70B50C4637
:1071500009880026052927D1417805790A02817816
:107160001143C278491C45EA02256A1E89B27C2A6D
:107170001AD200222280042200F8012B2288521CFD
:1071800022806A0000F8012B2288521C22802A46A5
:1071900000F0FCFA18B102F01BFC064605E020885E
:1071A00000EB4500208000E00326304670BD2DE94D
:1071B000F0410446088800270D460A2842D360782B
:1071C00026790102A078227A0843401C1FFA80F831
:1071D000E07846EA00266079731E0102A079084330
:1071E000401C81B2E0797C2B42EA0022607A28D8E8
:1071F0003AB3792A25D8B0EB420F22D1012304F10A
:107200000A0000F08FFA98B9002129801721217017
:107210002988601C491C2980710000F8011B2988FD
:107220000023491C29803246414600F07BFA18B100
:1072300002F0CEFB074605E0288800EB46002880D8
:1072400000E003273846BDE8F081000070B5064C29
:107250000D4606492288401CF8F77CFF2088401C18
:107260002880002070BD0000D4000020641300209E
:1072700038B50988002405290BD141780A028178A4
:107280001143491C027989B21AB9C278FF2A03D086
:1072900012B10324204638BD00228DF80120C078A9
:1072A000FF280CD08DF8002001231A46684600F014
:1072B000ABF90028EED002F08BFB0446EAE7012090
:1072C0008DF80000F0E710B509880024052902D0E8
:1072D0000324204610BD417801230A028178C01C96
:1072E0001143491C89B21A4600F01CFA0028F0D05C
:1072F00002F06EFB0446ECE72DE9F0410D460988EB
:107300000024052926D9417843790A02817811435E
:10731000491C8EB2C178027942EA0122510704D099
:10732000012101EBD201C9B201E0C2F3C701571E2E
:10733000B7F5F66F0ED299420CD101233146801D6C
:1073400000F062F918B102F043FB044603E00520A7
:10735000288000E003242046BDE8F08170B50D468A
:107360000988002406291DD341780A028178114337
:10737000C278491C1302027989B21A434379561E16
:10738000772E0FD85606360E9E420BD10123801D54
:1073900000F0C8F918B102F01BFB044603E0052019
:1073A000288000E00324204670BD0000F8B51E468A
:1073B0001746DDE906320546FF2906D029B1F7292F
:1073C00003D8134C084621710DB102261CE0114967
:1073D0002161114961611149E1601149A1610021F7
:1073E000E16110492162104961621049A162009275
:1073F0003246394600F07CF8060005D102F01AFF4B
:1074000020B16571012020703046F8BD0326FBE7EE
:1074100028000020D9750008F5750008817500085E
:107420003175000845A30008EDA30008ADA30008CE
:10743000F8B52E4C0025207808B10620F8BD684626
:1074400002F0EAFE01284ED19DF80000F0B30128B9
:1074500002D0022847D111E0244AA369921D911C51
:10746000C81F984705003ED160782179884201D035
:10747000FF2838D1022002F0E5FE34E0A3680120A5
:107480001A4A1978A170E07000202C3212F830608E
:107490006EB18E4208D102EBC00014494268891DCA
:1074A00018469047E07002E0401C1028EEDB607840
:1074B000FF2818D0E07880B10021E180A178A2688F
:1074C00041F080011170E188491C00E00BE089B2B5
:1074D000E1805054E088401CE080D4E90213E28847
:1074E0002079984705462846F8BD0000280000206E
:1074F00038B508461546049900910024082229460B
:1075000002F0B0FE01280DD1B5F5964F01D9232028
:1075100003E006496800B1FBF0F080B202F0D8FE4B
:10752000012800D00324204638BD0000A07F1700AA
:107530002DE9F041104C07461646A08888460025E4
:10754000B0F5807F01D9AFF30080A088042804D370
:10755000A1880A4802F098FD18B105252846BDE823
:10756000F081064800783870A088C01E308003483B
:10757000401CC8F80000F1E7D80000208413002068
:1075800070B5134C034600256078012802D005250C
:10759000284670BD491E0126A160084666800B7012
:1075A000618811446180618802F06EFD6188094A3A
:1075B0005318491C61801870010A60880244401CFD
:1075C0006080117026700121002002F0DDFDDFE7F0
:1075D000D800002084130020054910B50020487011
:1075E0000146012002F0D0FDBDE8104002F008BEC7
:1075F000D800002010B50021084602F0C5FDBDE806
:10760000104002F0EBBD0000F0B5491E89B28C18A5
:107610000A2C01D90120F0BD541EE51704EB557565
:10762000012404EBE5061E4D012B18D1F4B213E042
:1076300010F8016B00230AE026FA03F707F00107B0
:107640006F54491C521E5B1C89B292B2DBB20AB164
:10765000082BF1D3641EE4B2002CE9D11EE016F031
:10766000FF061BD000273B4611E000BF15F801E0E4
:10767000BEF1000F05D004FA03FC4CEA070C0CF035
:10768000FF07521E491C5B1C92B289B2DBB20AB1E1
:10769000082BEBD300F8017B761EE0E70020F0BD5D
:1076A000E4000020F0B5491E8CB2A1180A2901D9C6
:1076B0000120F0BD511ECB1701EB5371012505EBE5
:1076C000E101CEB216491BE000273B4611E000BFA6
:1076D00011F804E0BEF1000F05D005FA03FC4CEAF6
:1076E000070C0CF0FF07521E641C5B1C92B2A4B284
:1076F000DBB20AB1082BEBD3761E00F8017BF6B2A1
:10770000002EE1D100200A5C3AB100220A54401C4C
:1077100080B20A28F7D30020F0BD0122F6E700006E
:10772000EE00002030B54C1EA4B2A5180A2D01D9D8
:10773000012030BD134D012B09D01EE030F8023B73
:107740005BBA25F81430641C521EA4B292B2002A0F
:10775000F4D10A2913D10C49012008700FE000BFB1
:1077600035F81410090A00F8011B15F81410641CF0
:10777000521E00F8011BA4B292B2002AF0D10020E0
:1077800030BD0000841400201E000020491E10B5EA
:107790008BB29C1810490A2C0FD9012010BD00BFD4
:1077A00031F81340240A00F8014B11F813405B1C18
:1077B000521E00F8014B9BB292B2002AF0D1002079
:1077C00031F81020521C21F81020401C80B20A28E9
:1077D000F6D3002010BD00009814002010B5044618
:1077E000054B002241F20301FDF702FED4F8081216
:1077F0000020087010BD0000D951000870472DE925
:10780000FE439946DDE90A7615468846044602ABF2
:1078100000F065F850BB012D04D19DF808102046FA
:1078200002F024F9022D21D19DF8080000EB800020
:1078300004EB0010B0F97200F9F7C0FD9DF80810D4
:1078400001EB810104EB0111A1F872009DF8081011
:10785000852001EB810104EB011181F82A009DF8DC
:10786000080000EB800004EB0010C662CDE9007652
:107870004B4642462946204602F0F0F9002800D047
:10788000FF20BDE8FE83000013B54FF0FF33012257
:1078900069460248FCF72AFC00981CBD48120020EB
:1078A0004FF08040406A704700680078704710B51C
:1078B000002303EB830400EB041494F82A402CB15A
:1078C0005B1C13F0FF03F4D0FF2010BD137003EB1B
:1078D000830200EB021080F82910002010BD70B563
:1078E000002404EB840500EB051595F82A606EB1C1
:1078F000852E0BD095F828608E4207D195F8295037
:10790000954203D103B11C70002070BD641C14F0BB
:10791000FF04E6D0FF2070BD01EB810100EB0111F7
:10792000486B08B1896B401A1060002070472DE940
:10793000F0418846A8B3B8F1000F33D084680AB983
:107940000AE024686CB3216A59B34046F8F73FFC5B
:107950000028F6D120E024681CB3266A5FEA0805F7
:10796000F9D0002EF7D0B54218D002E098B16D1CC6
:10797000761C2878F8F7E8FB07463078F8F7E4FB40
:1079800087422878F2D0F8F7DFFB05463078F8F721
:10799000DBFB8542DFD124B1206A10B12046BDE86F
:1079A000F081FFE70020FAE7F8B505461B4B0022FF
:1079B00041F21701FDF71CFD002685F8DC61344615
:1079C00016E000BFD5F89C0030F8240003041B0C1F
:1079D0000CD04FF47A704343114A21462846009652
:1079E000FDF78AFDD5F8A01021F81400641CE4B25C
:1079F000D5F898000078A042E4D8D5F8A400038810
:107A0000002B0AD04FF47A704343064A00212846DF
:107A10000093FDF771FDA5F8A800F8BDB35100086B
:107A2000B91200081753000870B5054600240BE092
:107A3000D5F8A00030F91400F9F7C0FCD5F8A01073
:107A400021F81400641CE4B2D5F898000078A04234
:107A5000EED835F9A80FF9F7B1FC288070BD000009
:107A60002DE9F8431746DDE90896002501EB810270
:107A7000984600EB0214022E2DD0032E2BD0042E9C
:107A800029D0052E27D0B4F97200F9F797FC00BF72
:107A9000A4F8720084F82870A4F8308084F832903A
:107AA00084F82A6084F82B506563A56384F85C50E1
:107AB00084F85D5084F85E50256684F8645084F83C
:107AC000655084F8665084F8675084F87050002040
:107AD0006567BDE8F883034B034A0095FDF70CFD8D
:107AE000D6E70000C0C62D00155400082DE9F0416E
:107AF0000B3020F00706104D19E02068B04215D376
:107B0000B0420AD9871B201DD4F80480F8F722FB65
:107B1000A019C0E90078286004E060682860201D92
:107B2000F8F718FB201D2660BDE8F081251D2C68A4
:107B3000002CE2D10020F7E7AC0B002010B5044682
:107B4000FFF732FF2046BDE8104000F0DFB810B567
:107B50000446FFF769FF2046BDE8104000F012B967
:107B600030B501EB810100EB01118C6BA0182028CE
:107B700002D84D6BA84201D9FF2030BD002006E09D
:107B800025180D4495F83C501D54401CC0B290423D
:107B9000F6D3886B10448863002030BDFBF7ECF906
:107BA000FDF7F6FCFCF7CAFFFCF7B2FFFDF71CF986
:107BB000FDF736F9FDF750F9FDF744F8FDF778F8D1
:107BC000FDF7AAF8FDF7DCF8FDF71CF8FCF754FF09
:107BD000FCF77CFF4FF4C870FAF742FC24480068B9
:107BE000C16841F01001C1604FF480722149204802
:107BF000FCF722FA20A0FEF7CBF924A0FEF7C8F983
:107C0000FDF7F8F9FDF7D7F9022324A2002110208F
:107C1000FDF75EFAF9F74CFAFCF79EFD2348FDF7F5
:107C20009CFB2348FBF73CFEFDF734F9FCF74EFFC5
:107C30002048FBF735FEF9F717FB1F4801781F486E
:107C400002F044F800211D4802F0E6F805211B4827
:107C500002F0E2F800251A4CFFF7EAFBFDF75EF9A7
:107C600020780028F8D02570FCF7B2FEF4E7000079
:107C7000D812002048110020556172743120696EBD
:107C80006974206973206F6B0A00000043414E4FF6
:107C900070656E20546573740A00000043414E4FB6
:107CA00070656E205465737400000000B40B0020F2
:107CB00028100020701000201D000020580900200E
:107CC0001F0000200EB541F4E061ADF80010012165
:107CD0008DF8021000218DF80310D0F8E0016946FC
:107CE000FFF73AF90EBD0EB50023ADF800308DF860
:107CF00002308DF8042002238DF805108DF8033032
:107D0000D0F8E0016946FFF727F90EBD38B5044603
:107D10001A4B002241F20C01FDF76AFB174B0022BF
:107D200041F20D012046FDF763FBD4F838010388CA
:107D3000002B22D0D4F83C01007800281DD04FF44D
:107D40007A7043430E4A002120460093FDF7D4FB8E
:107D5000A4F830010020211891F8B0200F2A08D093
:107D600022681278824204D0D4F83C21127881F83B
:107D70004021401CC0B28028EDD338BDC551000859
:107D80009114000810B50446B0F93001F9F716FB5C
:107D9000A4F8300110BD10B586B0202204AC0492C6
:107DA0000094012205ABCDE9013201EB810100EB2A
:107DB0000114039204F13C0394F83220218EFEF763
:107DC00043FA002803D1049860630020A06306B042
:107DD00010BD2DE9F04107460025C8680C462E4627
:107DE000B0F57A7F5BD2401CE0602168A068095C36
:107DF0005B2954D1401CA0602046FEF734FF4CB1F3
:107E0000D4E90110884203D22268125C5D2A33D083
:107E1000884203D3A068401EA06040E0401E04F1E9
:107E20001008A0604046FEF7CCFF98B30DB3306059
:107E300046600646A068401CA0602046FEF713FF7F
:107E40002146304600F0F2F930B32046FEF70BFF32
:107E500014B3D4E90110884203D22168095C2C29AB
:107E6000E0D06268904217D22168085C5D2813D187
:107E700002E005462E46DDE7E068401EE06005B101
:107E80006E602020C7E90250A068401CA06001205D
:107E9000BDE8F081FFE715B12846FEF767FF002037
:107EA000F6E7034610B500200246995CA1F13004C4
:107EB000092C01D830380AE0A1F14104052C01D881
:107EC000373804E0A1F16104052C08D8573808447C
:107ED000032A00D20001521C042AE6D310BD002060
:107EE00010BD00002DE9F84F4FF0000980460C004E
:107EF0004FF02E0A48464D464F46CDF800903ED0F2
:107F00002668CEB3D4E9012122E07318C35C342B78
:107F10001BD00ADCA3F12B03092B1CD2DFE803F0F2
:107F2000151B152D1B1515151500382B0DD006DC4E
:107F3000352B0AD0362B08D0372B0CD105E0392B46
:107F400003D0452B01D0652B05D16D1C401C14B10D
:107F50000B189342D9D32169681C884706000ED0BC
:107F6000A16820682A4601443046F8F7F3F806F87D
:107F700005907FB100200BE001E00127E5E700203C
:107F8000BDE8F88F315C2E2901D106F800A0401C15
:107F9000A842F7D36946304601F0F2FF0546009843
:107FA0000F46864203D1616930468847E7E7C8E952
:107FB0000657144A144B28463946F8F74FFD02D8A5
:107FC0006FF0004108E00022104B28463946F8F7D0
:107FD0002DFD04D84FF00041C8F8141005E02846E4
:107FE0003946F8F704FDC8F814000821C8F80C1049
:107FF0000099A068891B0844A060616930468847E1
:108000000120BDE70000C0FFFFFFDF410000E0C12D
:108010002DE9F04107460026C8680C463546B0F504
:108020007A7F7BD2401CE060002C77D0D4E901102D
:10803000884273D22168095C7B296FD1401CA06003
:108040002046FEF710FED4E90110884203D22268D0
:10805000125C7D2A4FD08842A0F10100A0605DD261
:1080600004F110084046FEF7ACFEE8B30EB32860FA
:1080700045600546CCB3D4E90110401C88424AD281
:10808000A0602046FEF7EFFD2146284600F048F8A4
:1080900058B32046FEF7E7FD2869286200202861D2
:1080A000D4E90110884236D22168095C3A2932D1DC
:1080B00002E006463546DDE7401CA0602046FEF79C
:1080C000D2FD2146284600F0B1F870B12046FEF7F7
:1080D000CAFDD4E90110884203D22168095C2C2929
:1080E000C0D06268904201E014E014E013D221682D
:1080F000085C7D280FD1E068401EE06006B1756025
:108100004020C7E90260A068401CA0600120BDE8D3
:10811000F08103E016B13046FEF728FE0020F6E7B6
:108120002DE9F84380468B6808684FF00009C418B1
:10813000CDF8009008680E46651CC15C641C2229BD
:108140006ED10022716808E0BCF15C0F04D17F1C85
:108150008F4265D2521C641C641C271A8F4204D2C1
:1081600094F800C0BCF1220FEED1271A8F4257D2EB
:108170002178222954D11844201A801A3169401CD0
:10818000884707004CD0009737E029785C2905D054
:1081900000986D1C00F8011B00902EE00220611B6E
:1081A000012939DB6A78662A14D008DC222A12D029
:1081B0002F2A10D05C2A0ED0622A2DD108E06E2A18
:1081C0000ED0722A0ED0742A0ED0752A24D10DE05A
:1081D000082200E00C22009901F8012B00910BE02D
:1081E0000A22F8E70D22F6E70922F4E76A4621465B
:1081F000284601F05FFF78B10544A542C5D3009938
:1082000081F800901021C8E903173068201A401C3B
:10821000B0600120BDE8F88317B17169384688471E
:1082200015B13068281AB0600020F3E770B50C0073
:1082300005465ED0206800285BD0A16863680A1DEF
:108240009A4205D80844042231A1F7F7DBFF78B33E
:10825000A0686268411D0126914206D82168052266
:1082600008442DA1F7F7CEFF28B3A0686268011D6E
:10827000914206D821680422084429A1F7F7C2FFD9
:10828000E8B1D4E90101814203D22268525C222A7A
:108290001DD0814221D22268525C2D2A02D0303A70
:1082A000092A1AD821462846BDE87040FFF71ABEB1
:1082B0000420E86006E0EE60A068401D04E00220B3
:1082C0006E61E860A068001DA060012070BD2146BD
:1082D0002846BDE87040FFF723BF814203D22268E1
:1082E000525C5B2A07D0814203D22068405C7B2825
:1082F00007D0002070BD21462846BDE87040FFF73A
:1083000068BD21462846BDE87040FFF781BE0000E9
:108310006E756C6C0000000066616C736500000097
:10832000747275650000000030B4CA78082A0AD15A
:108330000A78D0F8384202F07F058A888B7929467E
:10834000A44630BC604730BC704770B5044690F816
:1083500078007F2803D0052801D004283FD14A792E
:108360001AB123681B789A4239D10979802925D01E
:1083700009DC01291CD0022931D17F2801D0052830
:108380002DD1042126E081291ED0822927D1204623
:10839000FFF78AFAD4F89410054609B120468847B9
:1083A0002168FF2008702946204601F08FFC10E06C
:1083B0007F2801D0042812D105210BE0052801D027
:1083C00004280CD17F2105E0D4F8901009B1204693
:1083D000884700212046BDE8704001F01DBD70BDFA
:1083E0002DE9FE43044608784FF0000800F07F06B0
:1083F0008878012818D00879A51900F07F07D4F8EB
:108400003C01007885F8400195F8B000B84207D0EB
:10841000D4F8D8313A4631462046984785F8B070AE
:1084200095F8B00038B32BE020680078B04220D136
:1084300020684146007800F5E060ADF800000120BA
:108440008DF803008DF8028094F878208DF80420D0
:1084500094F8DC3133B142F080008DF8040084F8E8
:10846000DC1101E084F8DC016946D4F8E001FEF794
:1084700073FDBDE8FE83D4F8D421314620469047F1
:1084800095F8B0000F28F4D000251FE0D4F89C0028
:1084900050F82510C1F30740864215D1D4F8A0004A
:1084A0008FB230F91500F8F789FF4FF47A7007FBA7
:1084B00000F3094A29462046CDF80080FDF71CF854
:1084C000D4F8A01021F815006D1CEDB2D4F8980076
:1084D0000078A842DAD8CCE7B91200082DE9F04FAD
:1084E000894604460222002199F8020089B00D460F
:1084F00010B101287ED09EE06769A369B8889E8884
:1085000020B998E0022A04D0042A0FD0B042F9D949
:1085100091E0B9F80030626852F830C0DCF814C05D
:10852000BCF800C09C450CD1B04210D8FF886268EE
:10853000F80000EBC50B002652F80B00D0F80880BD
:1085400049E06D1C401C80B2EDB2B042E4D972E04B
:1085500000200390049063684FF0140C53F80B2034
:1085600006EB46030CEB8303D2585FEA020A66D09F
:108570009AF8002012F0FF0207922AD00A440692CD
:1085800099F80330B2EBC30F23D803AACDE900203A
:1085900001F0070209EBD10103460290091D07987B
:1085A000F8F7A0FE07990120491E00EBE1010591B3
:1085B00005AA00210092CDE90110DAF8000003AB12
:1085C000C0F30722010C2046FEF7CEFAB8BB06988E
:1085D000C1B2761CF6B298F80000B042B8D8E06894
:1085E00000B3616851F83710496C0E88D6B130F984
:1085F000150000E010E0F8F7E1FE002000904FF4D5
:108600007A7006FB00F3294620462269FCF774FFC6
:10861000E16821F815000EE06069A2690121008976
:10862000128930B907E001290AD004291BD0052995
:108630003CD09042F7D9002009B0BDE8F08F3BE074
:10864000B9F80060D4F8043053F83010496909884B
:10865000B14201D1042116E06D1C401C80B2EDB284
:108660009042F1D9E7E7616851F83010096A0B7858
:10867000FD2B07D0D9B2FC2908D0FF291ED0FE2936
:108680001CD019E005219042CFD9D4E7A36805EBAF
:10869000C50113F81160F60706D0062000EB410073
:1086A0001918D4F8E0012CE09042C4D86A46294653
:1086B0002046FEF7F0FA08B3FF20BDE7A16805EBFE
:1086C000C506022000EB4607C85FF8F777FEA168F1
:1086D000C853A168042000EB4607C85FF8F76EFE98
:1086E000A168C853A06810F8161021F0010100F825
:1086F000161029462046FCF783FD9CE76946D4F80E
:10870000E001FEF729FC96E72DE9F04F8DB0044615
:1087100000200C906669A3690D4630881A880021F4
:10872000D8B14FF0040C904217D867680CEBC00822
:1087300017F80880B8F1010F75D957F83070B5F8FF
:1087400000807F693F68474502D10126039121E0FF
:10875000491C401CC9B280B2E5E770885E880021E0
:10876000002860D00423B0425DD8626803EBC007E4
:10877000D75D032F57D952F830202F88126A12681C
:10878000BA4212D103916168022651F83000C06AE2
:1087900000780C90E87800274FF00069082809D08D
:1087A000CDE90079002332468FE0491C401CC9B254
:1087B00080B2D8E702AB324620460399FFF78FF824
:1087C000C8B9012E02D0022E0BD014E09DF808107B
:1087D00001EB810104EB011191F82A1004291DD04D
:1087E00009E09DF8081001EB810104EB011191F8FB
:1087F0002A10052912D029794909DFF84084DFF8C9
:1088000040A405F108020DF1180B0B92072960D264
:10881000DFE801F00AFCFBFA85F9F80029798029E4
:108820007DD00621E9E754E0012E02D0002877D060
:1088300049E0E8BB9DF8080000EB800004EB001065
:1088400090F82A1002293ED1B0F97200411C19D0CB
:10885000F8F7B4FD9DF80810FA4B01EB810104EB29
:108860000111F94AA1F8720000979DF808102046FE
:10887000FCF742FE9DF8081001EB810104EB0111A9
:10888000A1F872009DF8080000EB800004EB0010D6
:10889000018E059190F8328090F82B102879C0F362
:1088A000001291427ED1C0F34200C0F1070200E005
:1088B00009E06B1D09929DF808102046FCF700FEA8
:1088C000002870D10BE00023E8E320460399FEF76F
:1088D00096FF0DB0FF20BDE8F08F059BF3E39DF8F8
:1088E0000800202100EB800004EB001090F82B0022
:1088F00041EA00108DF81800012059460F54401C21
:108900000828FBD306AB31462046039A01F06AF9EA
:108910009DF8080000EB800004EB001001E091E3FB
:1089200017E090F82B1079B15FF0000180F82B1060
:108930002879C0076BD09DF808102046FCF7A8FDE9
:1089400020B1CDE90080C8E70121EFE79DF80810CC
:10895000FEE39DF8080000EB800004EB001090F8A7
:108960002A100329AFD1B0F97200411C19D0F8F7D1
:1089700025FD9DF80810B34B01EB810104EB0111BB
:10898000B14AA1F8720000979DF808102046FCF744
:10899000B3FD9DF8081001EB810104EB0111A1F872
:1089A000720001E08FE08FE09DF8080000EB80008E
:1089B00004EB0010018E059190F8328090F82B1096
:1089C0002879C0F3001291427DD1C0F34200C0F17A
:1089D00007026B1D09929DF808102046FCF770FDF8
:1089E000002871D19DF8080000EB800004EB001016
:1089F00090F82B10F9B1002180F82B102879C007CE
:108A00001BD005E0F4E35FE324E229E121E023E366
:108A10009DF8080000EB800004EB0010B0F9720034
:108A2000F8F7CCFC9DF8081001EB810104EB011173
:108A3000A1F87200E2E10121DEE7602040EA0110C6
:108A40008DF81800012059460F54401C0828FBD30C
:108A5000FFE1012E62D0002884D19DF8080000EBD0
:108A6000800004EB001090F82A100229F4D1B0F92C
:108A70007200411C19D0F8F7A1FC9DF80810714B49
:108A800001EB810104EB01116F4AA1F8720000971C
:108A90009DF808102046FCF72FFD9DF8081001EB0B
:108AA000810104EB0111A1F872009DF8083003EB7D
:108AB000830004EB0010018E059190F8328090F84D
:108AC0002B00297901E082E098E0C1F3001188428F
:108AD0007DD109AA19462046FEF71EFF09980028F5
:108AE0008FD007289DF8080000EB800004EB0010F1
:108AF00090F82B106CD9E9B35FF0000280F82B20BE
:108B000010018DF818009DF808100BF101030722E1
:108B10002046FFF725F8002870D19AE1B5F8051036
:108B2000059195F807A040B102AA31462046FEF70C
:108B3000BEFE28B1CDE900A8CFE6CDE900A8CCE67D
:108B40000220CDE900A09DF808102046059B039A5D
:108B5000FEF786FF28794108C90724D09DF8081040
:108B6000C0F38100C0F1040001EB8101099004EB26
:108B7000011100E047E048639DF8081020460B9B78
:108B8000099AFCF79DFC08BB9DF808102046FCF7ED
:108B90007FFC10B1CDE900A09FE69DF808102046AB
:108BA00000F064FF18E0C00716D0287A697AEA7AE4
:108BB00000EB0121A87A000400EB02600A18099278
:108BC0009DF80810204601F01BF928B101E0D1E121
:108BD0001BE0CDE900A980E660208DF8180005981B
:108BE0008DF81900000A8DF81A008DF81BA00420DA
:108BF00059460F54401C0828FBD32AE19CE020462C
:108C00000C99904728E2012278E7F9B15FF0000162
:108C100080F82B10099A0801C2F1070140EA4100CF
:108C20009DF80850401C8DF818000BF101032946EF
:108C30002046FEF795FF00287ED109E021000008BC
:108C400000000305C0C62D00155400080121DFE710
:108C50005946099800E00F54401C0828FBD3F8E05F
:108C6000012E45D000287FF4E3AD9DF8080000EB0D
:108C7000800004EB001090F82A100329F3D1B0F91A
:108C80007200411C19D0F8F799FB9DF8081001EB10
:108C9000810104EB0111A1F87200FE4BFE4A00971E
:108CA0009DF808102046FCF727FC9DF8081001EB02
:108CB000810104EB0111A1F872009DF8080000EB9E
:108CC000800004EB0010B0F830A090F832802879D2
:108CD0004108C90772D0C0F38100C0F104020992B3
:108CE0009DF8081020460B9BFCF7EAFBF0BB6BE0FD
:108CF000B5F80510ED798A4650B102AA31462046F2
:108D0000FEF7D5FD30B15346CDE900583246DCE5DB
:108D10000B46F9E70320CDE9005053469DF80810B3
:108D20002046039AFEF79CFE9DF808102046FFF7A8
:108D300032F830B1534600E059E1CDE900503246F7
:108D4000C3E509AA9DF808102046FEF7E5FD099A3B
:108D5000042A16D941208DF818008DF819A04FEA81
:108D60001A208DF81A008DF81B5000E063E08DF892
:108D70001C20100A8DF81D00100C8DF81E00100E1E
:108D800020E2C2F10400432141EA80008DF818007E
:108D90008DF819A04FEA1A208DF81A008DF81B5093
:108DA0000BF104039DF808102046FEF7D9FE08B128
:108DB00053463BE109985946001D02E028E00F5454
:108DC000401C0828FBD31CE19DF8080000EB800044
:108DD00004EB0010B0F97200F8F7F0FA9DF80810F3
:108DE00001EB810104EB0111A1F872009DF808105C
:108DF000099801EB810104EB011148639DF808100B
:108E0000012001EB810104EB011181F82A004FE1FF
:108E1000C00715D0287A697AEA7A00EB0120A97A8E
:108E2000090401EB0261421809929DF808102046DE
:108E300000F0E6FF20B153463246CDE9008944E513
:108E400060208DF81800012059460F54401C082856
:108E5000FBD32BE2012E52D000287FF4E9AC9DF821
:108E6000080000EB800004EB001090F82A100229A3
:108E7000F3D1B0F97200411C19D0F8F79FFA9DF8B0
:108E80000810844B01EB810104EB0111824AA1F827
:108E9000720000979DF808102046FCF72DFB9DF806
:108EA000081001EB810104EB0111A1F872009DF89B
:108EB000081001EB810004EB00122046B2F830806C
:108EC00092F8325009AAFEF727FD099A002A3FF4CA
:108ED00098AD9DF80810072A01EB810004EB001003
:108EE00090F82B004FEA001071D98DF818000BF1A3
:108EF000010307222046FEF733FEE0BBD6E100283F
:108F0000ABD19DF8080000EB800004EB001090F856
:108F10002A100329A1D1B0F97200411C19D0F8F729
:108F20004DFA9DF808105B4B01EB810104EB011138
:108F3000594AA1F8720000979DF808102046FCF7E6
:108F4000DBFA9DF8081001EB810104EB0111A1F897
:108F500072009DF8081001EB810004EB0010028EF6
:108F6000059290F832802A7990F82B00C2F3001213
:108F7000904204D000E058E0CDE9008AADE409AAAF
:108F80002046FEF7C9FC9DF80810099A01EB810004
:108F900004EB0010072A90F82B004FEA001019D9B3
:108FA0008DF818000BF1010307222046FEF7D8FDCB
:108FB000E8B99DF8080000EB800004EB001090F881
:108FC0002B1029B15FF0000180F82B106EE11FE03B
:108FD0000121F9E7C2F1070340EA4300401C8DF884
:108FE00018000BF101032046FEF7BAFD10B1CDE9E0
:108FF000008972E45946099800E00F54401C082883
:10900000FBD306AB31462046039A00F0EBFD9DE40E
:10901000C2F1070340EA4300401C8DF818000BF131
:1090200001032046FEF79CFD20B14346CDE90059DF
:1090300032464AE45946099800E00F54401C08287B
:10904000FBD333E1AA7A2989012E62F31F41EA7A20
:1090500041EA026501D018B150E20028D7D04DE2B4
:109060009DF8080000EB800004EB0010B0F97200DE
:10907000F8F7A4F99DF8081001EB810104EB011148
:10908000A1F872009DF80810802001EB810104EB2B
:10909000011104E0C0C62D001554000840E081F81D
:1090A0002A009DF8080000EB800004EB0010C56268
:1090B0009DF8080000EB800004EB0010426F002ACE
:1090C0007FF49DAD1AE23AE32979012E01F0030AFB
:1090D0000BD0BAF1000F78D0BAF1020F75D0BAF107
:1090E000010F3FF48EACFFF7EEBBBAF1000F09D0D1
:1090F000BAF1010F6CD0BAF1020F7AD0BAF1030FB6
:1091000077D0FBE1B5F80510EF79894638B102AAAE
:1091100031462046FEF7CBFB30B14B4600E00B4614
:10912000CDE900783246F2E50520CDE900704B46E6
:109130009DF808102046039AFEF792FC9DF808104F
:10914000287901EB8101C0F3800004EB011100E0FC
:109150004AE081F85C009DF80810287A01EB810153
:1091600004EB011181F85D009DF808102046FEF720
:1091700012FE20B1CDE900704B463246C7E509AA80
:109180009DF808102046FEF7C7FB9DF808100998C7
:1091900001EB810104EB01110866C2208DF8180073
:1091A0008DF819904FEA19208DF81A0009988DF85A
:1091B0001C00010A8DF81D10010C8DF81B708DF834
:1091C0001E10000E8DF81F0054E3D0E000E010E008
:1091D000002888D19DF8081001EB810004EB0010F5
:1091E00090F82A000528F4D1204600F03FFCA3E3C4
:1091F000AEE10028EDD19DF8080000EB800004EB03
:10920000001090F82A100529E3D1B0F97200411C32
:1092100019D0F8F7D3F89DF8081001EB810104EBA1
:109220000111A1F87200FE4BFE4A00979DF808104C
:109230002046FCF761F99DF8081001EB810104EB71
:109240000111A1F872009DF80800BAF1020F00EBBD
:10925000800004EB0010018E059190F83210089107
:109260003BD1A97980F85D10687909AA00F07F03E5
:109270009DF808102046FEF74FFB0998B8B99DF8F5
:10928000080000EB800004EB001090F86510994294
:109290000DD190F86610C12040EA81008DF81800C9
:1092A000012059460F54401C0828FBD3E2E29DF8E8
:1092B0000800C3EBC30200EB800004EB001191F83F
:1092C0006400104488639DF8081001EB810104EBF1
:1092D0000111496B88423FF606AF9DF80800012551
:1092E00000EB800004EB001191F8380081F8640075
:1092F0001EE000BF80F8655009AA9DF808102046BE
:10930000FEF70AFB099807281DD98DF818500BF1B4
:10931000010307229DF808102046FEF721FCE0BB60
:1093200006AB31462046039A00F05CFC6D1CEDB2A2
:109330009DF8080000EB800004EB001090F85D1031
:10934000A942D7D2F8E245F080008DF818005D46BA
:109350006B1C9DF808102046099AFEF701FCE0BB43
:10936000099800E02F54401C0828FBD3DEE00028B9
:109370007FF4B9AE9DF8080000EB800004EB00100C
:1093800090F82A100429F3D1B0F97200411C1BD0C7
:10939000F8F714F89DF8081000E0BDE001EB81013A
:1093A00004EB01119E4BA1F872009E4A00979DF8B4
:1093B00008102046FCF7A0F89DF8081001EB810189
:1093C00004EB0111A1F87200BAF1000F16D09DF85C
:1093D0000810A87901EB810100E079E004EB0111AC
:1093E00009AA81F85D0068799DF8081000F07F03F4
:1093F0002046FEF791FA0998D0B131E09DF80800B7
:1094000000EB800004EB0010018E059190F8321003
:1094100008912979C1F3800180F85C109DF808104B
:10942000287A01EB810104EB011181F85D002DE048
:109430009DF8080000EB800004EB001090F8651028
:1094400099420DD190F86610C12040EA81008DF854
:109450001800012059460F54401C0828FBD309E28C
:109460009DF80800C3EBC30200EB800004EB001181
:1094700091F86400104488639DF8081001EB8101A5
:1094800004EB0111496B88423FF62DAE9DF80800B0
:10949000012500EB800004EB001090F8381080F8F4
:1094A000641021E080F8655009AA9DF80810204654
:1094B000FEF732FA0998072821D98DF818500BF1D8
:1094C000010307229DF808102046FEF749FB18B15A
:1094D0000899CDE9001951E506AB31462046039ABB
:1094E00000F080FB6D1CEDB29DF8080000EB8000E1
:1094F00004EB001090F85D10A942D3D21CE245F0B5
:1095000080008DF818005D466B1C9DF80810204601
:10951000099AFEF725FB18B10898CDE900092DE559
:10952000099800E02F54401C0828FBD306AB3146B5
:109530002046039A00F056FB9DF80810099801EBAD
:10954000810104EB0111C0F1070081F86600F3E12D
:109550004FF0100A012E34D000287FF4C4AD9DF8DE
:10956000080000EB800004EB0010B0F97200411C11
:1095700019D0F7F723FF9DF80810294B01EB810163
:1095800004EB0111274AA1F8720000979DF808101A
:109590002046FBF7B1FF9DF8081001EB810104EBB9
:1095A0000111A1F872009DF8081001EB810004EB95
:1095B000001393F86700B8B3012870D002286FD069
:1095C000BAE190B3287910F0010FC6D1B5F805B013
:1095D00095F8079002AA31462046FEF768F920B1B7
:1095E000CDE900985B46324629E40421CDE900919B
:1095F0005B469DF808102046039AFEF731FA9DF865
:109600000810012001EB810104EB011181F86700D2
:1096100028799DF80810C0F3800001EB810105E076
:10962000C0C62D0015540008F6E02BE004EB011134
:1096300081F85C002879800710D5287A697AEA7A5F
:1096400000EB0120A97A090401EB026108449DF8AE
:10965000081001EB810104EB01110866A0208DF8D0
:1096600018008DF81CA08DF819B04FEA1B208DF85A
:109670001F708DF81A008DF81E708DF81B908DF8F4
:109680001D70F7E09DF8080000EB800004EB00106F
:1096900090F86710012904D0022951D04CE1F0E084
:1096A0004EE1B0F97200411C19D0F7F787FE9DF822
:1096B0000810BB4B01EB810104EB0111B94AA1F881
:1096C000720000979DF808102046FBF715FF9DF8E3
:1096D000081001EB810104EB0111A1F87200287957
:1096E00000F07F0800069DF8080000EB80000AD516
:1096F00004EB001090F86510491C41457DD1022112
:1097000080F86710CBE004EB001191F86500401C75
:10971000404547D181F865806B1D07229DF80810F0
:109720002046FBF7CDFEE8B39DF8080000EB800073
:1097300004EB001292F83200CDE90009138E69E0C3
:109740002979C9073FF4CFACB0F97200411C19D098
:10975000F7F734FE9DF80810914B01EB810104EB03
:109760000111904AA1F8720000979DF80810204658
:10977000FBF7C2FE9DF8081001EB810104EB01111B
:10978000A1F872009DF80810287901EB810204EB22
:109790000213C0F38200C0F1070220466933FBF7D1
:1097A0008FFE00E0C5E048BB9DF8080000EB80009C
:1097B00004EB0010016E41B1826B914205D090F82C
:1097C0003210CDE90018038E24E0A1208DF8180096
:1097D000012059460F54401C0828FBD306AB3146E4
:1097E0002046039A00F0FEF99DF808102046FBF78A
:1097F0004FFE00283FF40BAC01E062E08EE09DF8E4
:10980000081001EB810104EB011191F83220CDE940
:1098100000200B8E32460CE42879C00730D101209D
:1098200083F867009DF80810287901EB810104EBAB
:109830000111C0F3800081F85C002879800710D501
:10984000287A697AEA7A00EB0120A97A090401EB07
:10985000026108449DF8081001EB810104EB01113D
:109860000866A3208DF81800012059460F54401CAB
:109870000828FBD306AB31462046039A00F0B2F924
:109880005AE0287900F07F08000693F8650000F19F
:10989000010037D5404514D1022083F867009DF8B8
:1098A000081001EB810104EB011181F865809DF83E
:1098B0000800696800EB800004EB00108166A9686D
:1098C000C166A2208DF818009DF8080006AB00EBD9
:1098D000800004EB0010314690F865008DF8190007
:1098E0008DF81AA007978DF81B702046039A00F098
:1098F00079F99DF8080000EB800004EB001080F877
:10990000657019E0404514D183F865806B1D07220E
:109910009DF808102046FBF7D3FD50B19DF80800D4
:1099200000EB800004EB001090F83220CDE9002914
:1099300049E7B8F1100FC4D00DB00020BDE8F08F9A
:109940002879C2073EF4BFAFC0F38200C0F107021E
:1099500020466933FBF7B4FD0028DFD19DF80800ED
:1099600000EB800004EB0010016E39B1826B914274
:1099700004D090F83220CDE9002824E7A1208DF80A
:109980001800012059460F54401C0828FBD306AB91
:1099900031462046039A00F025F9FFF732B800005F
:1099A000C0C62D001554000870B5D0F8CC1104467F
:1099B000884794F87E00002809D001212046FDF751
:1099C00044F80546D4F8D01120468847284670BD93
:1099D000002804D0012803D0072803D004207047B2
:1099E00002207047062070472DE9F04704008A46A0
:1099F00016D054F8047CD4F800903E1F564500D988
:109A000056462046FCF7F8FA054688463246214677
:109A10005046FEF76BF840B1C0F80090BDE8F08703
:109A2000BDE8F0470846FCF715BB44E9017955B19C
:109A300029686A18211F8A4202D9611B091F2960FF
:109A4000C5F80480EAE7024AC2F80080E6E70000B1
:109A5000AC0B002070B5054600242146284600F0D6
:109A600005F8641C14F0FF04F7D070BD7CB5002429
:109A70000D4606460094234622460194FDF7F0FF6A
:109A800005EB8500002206EB00108118521C81F8BE
:109A90003C40202AF9D380F82940C4627CBDF0B450
:109AA00015460E46D0F8E44129463046A446F0BC9F
:109AB0001A4660472DE9FF47044690F87E00894624
:109AC000C8B1A16809EBC90511F81500C00712D18A
:109AD00060694FF0000801AA0189CDF8048001EB0C
:109AE000090086B2CDF8088049462046CDF80C80A2
:109AF000FDF7D1F818B1002004B0BDE8F087A068E8
:109B0000062101EB4501415ABDF80420914211D1D3
:109B1000092101EB45019DF80720415C914209D1E3
:109B20000A2101EB45010844082202A9F6F75DFB72
:109B30000028E1D0606850F83600416CC06A0E8899
:109B40000788AEB1A168022000EB450A31F90A008E
:109B5000F7F734FC4FF47A7006FB00F3154A4946D8
:109B60002046CDF80080FBF7C7FCA26822F80A0067
:109B7000CFB1A168042000EB4506885FF7F71EFC13
:109B8000642047437B080C4A49462046CDF80080B4
:109B9000FBF7B2FCA1688853A06810F8151041F0DB
:109BA000010100F8151001AA4946204600F006F808
:109BB0000120A1E7015200082952000830B401EB4E
:109BC000C1010624836804EB4101194413680B604A
:109BD00053684B6093688B60D0F8E00130BC11464D
:109BE000FDF7BAB93EB590F87840052C01D07F2C2E
:109BF00009D10129416908D0498821B111448269FC
:109C0000528891420ED9FF203EBD09880029FAD022
:109C10001144826912889142F5D8426852F8311095
:109C2000096A03E0426852F8311049696A460988B6
:109C3000ADF8001000218DF8021008218DF80310F6
:109C4000002155185C5C491CC9B22C710829F8D355
:109C5000D0F8E0011146FDF77FF93EBD7CB58026C6
:109C6000DDE906548DF800608DF801301B0A8DF88F
:109C700002308DF80440230A8DF80530230C8DF84E
:109C80000630230E8DF807308DF803506B46FFF732
:109C9000A9FF7CBD70B5054600F006F804462846CD
:109CA000FFF782FE204670BD0EB5D0F8C4110988BA
:109CB000ADF8001000218DF802108DF80310D0F8D7
:109CC000E0016946FDF748F90EBD00002DE9FF47A8
:109CD0004269002912887DD07F297BD8FAB1436878
:109CE000046853F8323024785B6904F5C0651E6857
:109CF000AE4201D0FF2C02D101F5C0641C60436864
:109D000053F83220136A02681D68127802F5B064B5
:109D1000A54201D0FF2A02D101F5B0621A60846920
:109D2000364E4269A58806F12004928894E8901185
:109D30008DE8901100236C46E2B91FE04768D0F827
:109D400000C057F832709CF800A0D7F8149054F86F
:109D50002370D9F8008007EB0A0CE04502D0BAF175
:109D6000FF0F03D107EB010CC9F800C05B1C521CAC
:109D7000DBB292B2AA4201D8042BDFD3846900235C
:109D800030362589426996E8D01012898DE8D010C6
:109D90006C46D2B91DE04668076856F8326097F8FD
:109DA0000090D6F8148054F82360D8F800C006EB71
:109DB0000907BC4502D0B9F1FF0F02D10E44C8F823
:109DC00000605B1C521CDBB292B2AA4201D8042B89
:109DD000E1D300E00FE00268D0F8143212781D6879
:109DE00002F18004A54201D0FF2A02D101F18002D4
:109DF0001A6000680170BDE8FF87000060AE0008CF
:109E0000202A01D9FF20704701EB810100EB0110EE
:109E100042630020704700007CB5044690F878004B
:109E2000884244D0244D31B1042930D005291FD0B7
:109E30007F293FD10EE0D5E90001CDE900010020E6
:109E400084F878006946204600F0A8F8D4F880101D
:109E500020468847D5E90201CDE900017F2084F83A
:109E600078006946204600F099F8D4F884101CE088
:109E700000B3D5E90401CDE90001052084F878009C
:109E80006946204600F08AF8D4F888100DE088B1C1
:109E9000D5E90601CDE90001042084F8780069467F
:109EA000204600F07BF8D4F88C102046884794F8C0
:109EB00078007CBDFF207CBD60AE00084FF0804183
:109EC0004A6A1044C86270470EB5016801220978D9
:109ED00041F4E061ADF8001000218DF802108DF81A
:109EE00004108DF80320D0F8E0016946FDF734F83E
:109EF0000EBD000038B50446B0F9C001401C02D0C8
:109F0000204600F027F8114B002241F205012046BF
:109F1000FBF76EFA0D4B002241F206012046FBF7DB
:109F200067FAD4F8C401006840000DD5D4F8C80120
:109F30000068002808D04308054A00212046009305
:109F4000FBF7DAFAA4F8C00138BD0000A9510008F7
:109F50008955000810B5002304461A4641F2050150
:109F6000FBF746FA00231A4641F206012046FBF7AA
:109F70003FFAB4F9C001F7F721FAA4F8C00110BD07
:109F800000B583B00A460021CDE9001101466846BC
:109F9000F6F73BFEDDE9000103B000BD2DE9F0411D
:109FA0000D460446497890F97A000126002719B138
:109FB00048B984F87A6006E0012804D184F87A7000
:109FC0002046FFF747FDE878002894F87C0006D08B
:109FD00060B984F87C602046FFF78CFF06E001281A
:109FE00004D184F87C702046FFF7B4FF287900285C
:109FF00094F87D0006D060B984F87D602046FDF7B6
:10A000009DFD06E0012804D184F87D702046FDF70F
:10A010009EFDA878002894F87B0006D060B984F8EB
:10A020007B602046FDF7DAFB06E0012804D184F8C6
:10A030007B702046FDF7E2FB6879002894F87E00EB
:10A0400006D060B984F87E602046FBF703F906E08D
:10A05000012804D184F87E702046FBF727F9287880
:10A06000002894F8790005D0002801D184F879609F
:10A07000BDE8F0810128FBD184F879702046BDE865
:10A08000F041FFF721BF000070B5094DFF231A46CC
:10A0900005F5807606E000BF10F8014B54402A5DBC
:10A0A0005A40335D491E89B2F6D242EA032070BDA0
:10A0B00060AC00082DE9F04705460027481B16460E
:10A0C000894606285DDBA81CFDF7EBFE0446A0F5DB
:10A0D0005C414FF48060814253D3A4F558418246DD
:10A0E00051451AD2A81DA9EB00014FF00C08062912
:10A0F00047DB01785C2944D14178752941D1801C26
:10A10000FDF7CFFEA0F55C4151453AD2C4F30901F9
:10A1100061F39F2000F5803002E04FF006082046F2
:10A12000802801D2012110E0B0F5006F02D2022197
:10A13000C0270AE0B0F5803F02D20321E02704E007
:10A14000B0F5881F1DD20421F0274A1E08E000BF89
:10A1500000F0BF03346843F080038009A354521E0B
:10A1600012F0FF02F4D1012901D9384301E000F0D7
:10A170007F00326810703068084430604046BDE8A7
:10A18000F0870020FBE7000070B5124E124C0D4620
:10A1900050B1002204213046F8F764FA2168C868FB
:10A1A00040F02000C86004E02068C16821F0200170
:10A1B000C1604DB1012204213046F8F753FA2068FE
:10A1C000C16841F0800103E02068C16821F080018E
:10A1D000C16070BD000C014090120020074800686B
:10A1E000016A41F21112114207D1016A9210114223
:10A1F00003D1016821F0010101607047B81000200F
:10A2000004480021026851620068016841F00101C0
:10A2100001607047B81000200549024600204B78C5
:10A22000002B04D00878107000204870012070477F
:10A23000F80000200249002048700120704700000B
:10A24000F8000020024901224A7008701046704749
:10A25000F8000020024909680170012070470000E1
:10A260000444004010B51648144C029AC0E900415D
:10A270000021012A01D0022A12D0C1600C22C0E9BB
:10A2800005214FF48052C161012B0DD0022B0ED05D
:10A29000016181600A48F9F7EDFD68B1002010BD49
:10A2A0004FF40052C260E9E74FF4C06101E04FF49F
:10A2B000806182600161EDE7012010BD0044004033
:10A2C00090120020014908600120704704440040BA
:10A2D00030B587B000251A4C00950195029503957D
:10A2E000049516490595216040F60F61401E616096
:10A2F000C4E9025025612046A561F9F74BFA70B90F
:10A300004FF48050009069462046F9F708FB30B9B9
:10A31000049504A920460595F9F708FA10B1002024
:10A3200007B030BD21686FF0010008612068C16886
:10A3300041F00101C1600120F2E70000000400408B
:10A34000B810002038B5174C0025207808B1AFF3BD
:10A3500000806846FFF77EFF607830B1124A01281E
:10A3600007D0022810D0032801D1FFF749FF284663
:10A3700038BD0020A0809DF80000A1880A44491C37
:10A38000A180107002200BE0A088FF2807D89DF85C
:10A390000010A0880244401CA0801170E5E7032053
:10A3A0006070E2E7D80000208413002070B50E4DE5
:10A3B0000024687870B102280BD003280DD068788B
:10A3C00058B16878022808D06878032805D0AFF320
:10A3D00000800120FFF736FF0446FFF7FFFE012053
:10A3E0006870204670BD0000D800002070B5154C84
:10A3F00000256078012801D0AFF30080207810B1EB
:10A4000001281CD104E000210120FFF7BDFE16E069
:10A41000608850B1A0680078FFF754FFA068401C26
:10A42000A0606088401E608009E00320FFF70AFFFB
:10A43000054600210120FFF7A7FE002020702846D6
:10A4400070BD0000D80000200000000000000000E7
:10A45000002F000000000700070000147F147F1485
:10A4600000242A7F2A12006264081323003649550B
:10A47000225000000503000000001C2241000000E3
:10A4800041221C000014083E08140008083E080879
:10A49000000000A0600000080808080800006060D4
:10A4A0000000002010080402003E5149453E000013
:10A4B000427F4000004261514946002141454B31F5
:10A4C000001814127F10002745454539003C4A49C1
:10A4D0004930000171090503003649494936000633
:10A4E0004949291E0000363600000000563600009B
:10A4F0000008142241000014141414140000412216
:10A50000140800020151090600324959513E007CED
:10A510001211127C007F49494936003E41414122D7
:10A52000007F4141221C007F49494941007F0909C0
:10A530000901003E4149497A007F0808087F000070
:10A54000417F4100002040413F01007F081422412B
:10A55000007F40404040007F020C027F007F0408E3
:10A56000107F003E4141413E007F09090906003E3F
:10A570004151215E007F0919294600464949493168
:10A580000001017F0101003F4040403F001F20408B
:10A59000201F003F4038403F006314081463000749
:10A5A0000870080700615149454300007F414100A0
:10A5B00000552A552A55000041417F000004020140
:10A5C000020400404040404000000102040000201E
:10A5D00054545478007F484444380038444444205C
:10A5E00000384444487F00385454541800087E0909
:10A5F00001020018A4A4A47C007F080404780000D1
:10A60000447D4000004080847D00007F102844008D
:10A610000000417F4000007C04180478007C08049E
:10A62000047800384444443800FC242424180018DA
:10A63000242418FC007C08040408004854545420C6
:10A6400000043F444020003C4040207C001C20404F
:10A65000201C003C4030403C004428102844001C92
:10A66000A0A0A07C004464544C441414141414148A
:10A6700000000000000000000000000000000000DA
:10A68000000000F80000000000000033300000006F
:10A6900000100C06100C0600000000000000000076
:10A6A00040C07840C0784000043F04043F040400E8
:10A6B000007088FC08300000001820FF211E0000F8
:10A6C000F008F000E018000000211C031E211E000D
:10A6D00000F00888700000001E2123241927211093
:10A6E00010160E0000000000000000000000000036
:10A6F000000000E0180402000000000718204000DD
:10A7000000020418E00000000040201807000000CC
:10A71000404080F0804040000202010F0102020030
:10A72000000000F0000000000101011F0101010014
:10A73000000000000000000080B070000000000079
:10A740000000000000000000000101010101010102
:10A750000000000000000000003030000000000099
:10A76000000000008060180400601806010000006E
:10A7700000E010080810E000000F102020100F006B
:10A78000001010F8000000000020203F20200000F2
:10A79000007008080888700000302824222130004A
:10A7A00000300888884830000018202020110E0052
:10A7B0000000C02010F8000000070424243F2400FB
:10A7C00000F80888880808000019212020110E00D0
:10A7D00000E0108888180000000F112020110E00E2
:10A7E00000380808C83808000000003F00000000DA
:10A7F0000070880808887000001C222121221C009B
:10A8000000E010080810E0000000312222110F00C3
:10A81000000000C0C0000000000000303000000058
:10A8200000000080000000000000806000000000C8
:10A8300000008040201008000001020408102000E1
:10A84000404040404040400004040404040404002C
:10A8500000081020408000000020100804020100C1
:10A86000007048080808F0000000003036010000C1
:10A87000C030C828E810E0000718272423140B0074
:10A880000000C038E0000000203C230202273820EE
:10A8900008F8888888700000203F202020110E00D2
:10A8A000C0300808080838000718202020100800C9
:10A8B00008F808080810E000203F202020100F00B2
:10A8C00008F88888E8081000203F2020232018007E
:10A8D00008F88888E8081000203F200003000000E6
:10A8E000C03008080838000007182020221E020087
:10A8F00008F808000008F808203F210101213F2046
:10A90000000808F8080800000020203F2020000070
:10A9100000000808F8080800C08080807F00000060
:10A9200008F888C028180800203F20012638200099
:10A9300008F8080000000000203F20202020300000
:10A9400008F8F800F8F80800203F003F003F20001A
:10A9500008F830C00008F808203F200007183F0022
:10A96000E01008080810E0000F10202020100F0051
:10A9700008F808080808F000203F21010101000044
:10A98000E01008080810E0000F18242438504F0089
:10A9900008F8888888887000203F2000030C302049
:10A9A00000708808080838000038202121221C0087
:10A9B000180808F8080818000000203F20000000D0
:10A9C00008F808000008F808001F202020201F00B9
:10A9D0000878880000C83808000007380E01000019
:10A9E000F80800F80008F800033C0700073C0300E3
:10A9F000081868808068180820302C03032C302049
:10AA00000838C800C83808000000203F20000000B7
:10AA100010080808C838080020382621202018000F
:10AA2000000000FE020202000000007F40404000E3
:10AA3000000C30C000000000000000010638C0001B
:10AA400000020202FE000000004040407F000000C3
:10AA500000000402020204000000000000000000E8
:10AA600000000000000000008080808080808080E6
:10AA700000020204000000000000000000000000CE
:10AA800000008080808000000019242222223F20C4
:10AA900008F8008080000000003F112020110E0007
:10AAA0000000008080800000000E11202020110096
:10AAB000000000808088F800000E112020103F2048
:10AAC0000000808080800000001F222222221300CC
:10AAD000008080F0888888180020203F2020000017
:10AAE0000000808080808000006B949494936000CC
:10AAF00008F8008080800000203F210000203F20D7
:10AB000000809898000000000020203F20200000D6
:10AB1000000000809898000000C08080807F0000C6
:10AB200008F8000080808000203F24022D302000A3
:10AB3000000808F8000000000020203F202000004E
:10AB40008080808080808000203F20003F20003F68
:10AB50008080008080800000203F210000203F2076
:10AB60000000808080800000001F202020201F0027
:10AB7000808000808000000080FFA12020110E0056
:10AB80000000008080808000000E112020A0FF8047
:10AB9000808080008080800020203F2120000100F4
:10ABA0000000808080808000003324242424190049
:10ABB000008080E0808000000000001F2020000056
:10ABC0008080000000808000001F202020103F2097
:10ABD000808080000080808000010E300806010027
:10ABE00080800080008080800F300C030C300F00CC
:10ABF00000808000808080000020312E0E312000F7
:10AC0000808080000080808080818E701806010026
:10AC100000808080808080000021302C2221300044
:10AC200000000000807C020200000000003F404065
:10AC300000000000FF00000000000000FF00000016
:10AC40000002027C800000000040403F0000000045
:10AC500000060101020204040000000000000000E0
:10AC600000C1814001C0804101C0804100C18140DC
:10AC700001C0804100C1814000C1814001C08041CC
:10AC800001C0804100C1814000C1814001C08041BC
:10AC900000C1814001C0804101C0804100C18140AC
:10ACA00001C0804100C1814000C1814001C080419C
:10ACB00000C1814001C0804101C0804100C181408C
:10ACC00000C1814001C0804101C0804100C181407C
:10ACD00001C0804100C1814000C1814001C080416C
:10ACE00001C0804100C1814000C1814001C080415C
:10ACF00000C1814001C0804101C0804100C181404C
:10AD000000C1814001C0804101C0804100C181403B
:10AD100001C0804100C1814000C1814001C080412B
:10AD200000C1814001C0804101C0804100C181401B
:10AD300001C0804100C1814000C1814001C080410B
:10AD400001C0804100C1814000C1814001C08041FB
:10AD500000C1814001C0804101C0804100C18140EB
:10AD600000C0C101C30302C2C60607C705C5C404AB
:10AD7000CC0C0DCD0FCFCE0E0ACACB0BC90908C81B
:10AD8000D81819D91BDBDA1A1EDEDF1FDD1D1CDC0B
:10AD900014D4D515D71716D6D21213D311D1D0107B
:10ADA000F03031F133F3F23236F6F737F53534F46B
:10ADB0003CFCFD3DFF3F3EFEFA3A3BFB39F9F838DB
:10ADC00028E8E929EB2B2AEAEE2E2FEF2DEDEC2CCB
:10ADD000E42425E527E7E62622E2E323E12120E03B
:10ADE000A06061A163A3A26266A6A767A56564A42B
:10ADF0006CACAD6DAF6F6EAEAA6A6BAB69A9A8689B
:10AE000078B8B979BB7B7ABABE7E7FBF7DBDBC7C8A
:10AE1000B47475B577B7B67672B2B373B17170B0FA
:10AE200050909151935352929656579755959454EA
:10AE30009C5C5D9D5F9F9E5E5A9A9B5B995958985A
:10AE4000884849894B8B8A4A4E8E8F4F8D4D4C8C4A
:10AE500044848545874746868242438341818040BA
:10AE600001000000000000000001010101000100DC
:10AE700000010101010100000000000001000100CB
:10AE800000020000000300000004000000050000B4
:10AE900080010000800200008003000080040000A8
:10AEA000010000000C010020010000101C01002026
:10AEB000010001105C01002005001810A401002011
:10AEC00003000012DC0100200700001444020020EF
:10AED00007000114AC020020070002141403002034
:10AEE000070003146C03002009000016DC03002097
:10AEF000090001164C04002009000216BC040020C1
:10AF0000090003163C05002007000018A4050020D6
:10AF1000070001180C060020070002187406002024
:10AF200007000318CC0600200900001A3C07002087
:10AF30000900011AAC0700200900021A1C080020B1
:10AF40000900031A8C0800200B00002003000000F9
:10AF5000040008000C0010000300000007000B00B4
:10AF60000F0013001500010202030405060708097B
:10AF70000A0B0C0D0E0F1010010202030405060748
:10AF800008090A0B0C0D0E0F101000000000000045
:10AF90000000010203040607080900000000010286
:10AFA0000304DDDDDDDDDCBBBBDDDDDDDDDDDDDDC9
:10AFB000DDDD9888888888888888777777777788AC
:10AFC00088888555555666666666666666666668EE
:10AFD00088888333333222222222222222222228EC
:10AFE000888D000004B0000800000020B40B0000B1
:10AFF000380E00084CB30008B40B00208C11000080
:10B00000B460000801101355601408F95F1408E9D2
:10B01000991208A201022B023211134D722B08045F
:10B0200008127133080313E970330810135D73338A
:10B0300008061AC72032171AAF2029671A052032CE
:10B04000051A7118320F1AF90829741A7718014075
:10B050001A01016908690A4133FFFF9A20E42207B7
:10B0600029B4199139161A029129295A1810011078
:10B07000D280293AE169401A4A40695C9A4C0C9A9C
:10B08000500C9A540C2A580C411A06641944694809
:10B090009A98249A9C0C1AA00C192B19290914802F
:10B0A0002AC8C0592C2ACC0C59182AD00C19392975
:10B0B000379AD2189AD4189AD6186AD8680A1403FC
:10B0C000688B3002682A340C59182A380C59509A67
:10B0D0003A189A3C189A3E181A400C3968294909BE
:10B0E00011689A98689A9C389AA0509AA2189AA4C3
:10B0F000189AA6186AA868191009126819E87968D8
:10B100002A040C59182A080C59509A0A189A0C1833
:10B110009A0E181A100C5A086829109A68588BA0B1
:10B12000150C9AA40C9AA80C9AAC0C9AB00C9AB470
:10B130000C9AB80C1ABC0CA9709AD8709AC0289AAC
:10B14000C40C9AC80C9ACC0C9AD00C9AD40C9AD8ED
:10B150000CDADC708B48041C9AE0289AE40C9AE81C
:10B160000C9AEC0C9AF00C9AF40C9AF80CDAFC702D
:10B170009AB870118A160C9A040C9A080C9A0C0C46
:10B180009A100C9A140C9A180C1A1C0C32062A806D
:10B190006DB15A02808B28052C2A2C0C59182A30A4
:10B1A0000C193932029A32189A34189A36181A3809
:10B1B0000C396829190911689A90689A94389A98F4
:10B1C000509A9A189A9C189A9E186AA0680A1403B2
:10B1D000689AF8689AFC38194C79502A020C591868
:10B1E0009A04189A06181A080C396829490911682E
:10B1F0002A602C59689A64389A68509A6A189A6C2E
:10B20000189A6E181A700C420859109AC8588BBCBC
:10B21000160C9AC00C9AC40C9AC80C9ACC0C9AD0F2
:10B220000C9AD40C1AD80CA9708B38071C9ADC28FD
:10B230009AE00C9AE40C9AE80C9AEC0C9AF00C9AAE
:10B24000F40CDAF8709AA8709AFC28118A170C9AF4
:10B25000040C9A080C9A0C0C9A100C9A140C1A18DC
:10B260000CA9708B18081C9A1C289A200C9A240C84
:10B270009A280C9A2C0C9A300C9A340C1A380C32EE
:10B280000A5A02702A8870590C1B84140C1A061C66
:10B29000319A860C9A880C9A8A0C9A8C0C9A8E0C8D
:10B2A0009A900C9A920C2A940C596C2A960C111AAA
:10B2B000FF01E10932121304011420A4AE2C08107E
:10B2C000095421138D5F14084CAF1B0858041A64ED
:10B2D000041AA01C13C958024A084980720F131798
:10B2E000631B0835041A29048B636C681A40981A8A
:10B2F000440413940B1B20480829361A15240A27E6
:10B300000F0101561AFF011A27881A38941A3A04B5
:10B31000018023FFFF1A30881A34041A33981A2F39
:10B32000041A2B041A2D048113A1578C08656C1084
:10B3300002100119111A28401A2C041A18040A21A3
:0CB340003CD85A3160294C8210D3127A9C
:04000005080000ED02
:00000001FF
