:020000040800F2
:10000000382E00209D01000819540008A343000861
:10001000E55200080D130008B96300080000000055
:1000200000000000000000000000000005010008C2
:10003000AB1400080000000049010008ED59000859
:10004000B7010008B7010008B7010008B7010008B0
:10005000B7010008B7010008B7010008B7010008A0
:10006000B7010008B7010008B7010008B701000890
:10007000B701000869140008B701000875140008EA
:10008000B7010008B7010008B7010008B701000870
:100090007D620008B7010008B7010008B701000839
:1000A000B7010008955A0008B7010008B701000819
:1000B000A15A0008B55A0008D55A0008B70100082F
:1000C000B7010008B7010008B7010008B701000830
:1000D000B701000809620008216200086562000893
:1000E000B7010008B7010008B7010008DFF810D019
:1000F00000F0CAFE00480047DD800008AFF3008032
:10010000382E0020224B19680868B0E8F00F80F301
:100110000988BFF36F8F4FF0000080F311884EF015
:100120000D0E70470000000006480068006880F36C
:10013000088862B661B6BFF34F8FBFF36F8F00DFE1
:1001400000BF00BF08ED00E0EFF30980BFF36F8F41
:100150000F4B1A6820E9F00F106008B54FF05000FF
:1001600080F31188BFF34F8FBFF36F8F0AF064FEE7
:100170004FF0000080F31188BDE808401968086856
:10018000B0E8F00F80F30988BFF36F8F704700BFAE
:10019000B40B0020EFF3058070470000064880474D
:1001A00006480047FEE7FEE7FEE7FEE7FEE7FEE75C
:1001B000FEE7FEE7FEE7FEE7915A0008ED000008C3
:1001C000202A04DB203A21FA02F00021704721FAAC
:1001D00002F3D040C2F12002914008431946704713
:1001E000A0F14101192900D82030704740EA0103ED
:1001F0009B0703D009E008C9121F08C0042AFAD2DD
:1002000003E011F8013B00F8013B521EF9D27047A0
:10021000D2B201E000F8012B491EFBD27047002248
:10022000F6E710B513460A4604461946FFF7F0FFF5
:10023000204610BD30B505462A460B4612F8010B84
:1002400013F8014B08B1A042F8D01CB1002802D02D
:100250006D1CF1E7284630BD421C10F8011B002937
:10026000FBD1801A704710B5002200E0521C835C5D
:100270008C5CA34201D1002BF8D1D8B2E1B2401A74
:1002800010BD30B504460020034600E05B1C9342DD
:1002900003D2E05CCD5C401BF8D030BD034611F8C2
:1002A000012B00F8012B002AF9D11846704730B510
:1002B00005460020034600E05B1C934205D2EC5C3F
:1002C000C85C201A01D1002CF6D130BD2DE9FF4FBA
:1002D000087883B09946FF2805D0491C2D2804D002
:1002E0000024002008E000200BE00124F9E700EBE7
:1002F000800003EB4000491C0B78FF2BF7D104B1C1
:10030000404200230293147819461D462D2C01D03B
:100310002B2C04D1521C2D2C13D000240294AA465D
:100320001478FF2C0FD00A25A3FB057801FB05816B
:100330004FF0000C03FB0C11521CE3194AEB0101B6
:10034000EEE70124EAE7814453EA010002D019F5FF
:10035000C87F06DA03980021C0E9001107B0BDE8A4
:10036000F08F0025AE4E2F46DFF8B882184600F019
:1003700067FDCDE90001B9F1000002DAC9F100041E
:1003800000E004460023A74A1AEB030B42EB045A91
:1003900012E0E00707D02A4633463846414600F0CF
:1003A0005CFA074688462A4633461046194600F04E
:1003B00054FA05460E466410002CEAD1DDE900012E
:1003C000B9F1000F5A46534606DA00F0B8FA3A4639
:1003D000434600F0B4FA05E000F03FFA3A464346DF
:1003E00000F03BFA029A0AB181F00041039AC2E997
:1003F0000001B3E72DE9FF4F1F468DB0D7E9014655
:100400004FF0FF382E2045464FF000090B90B96998
:100410006D1C0E988847396A824688470028F6D1B5
:10042000BAF1FF3F0AD024F4D064002E11DDBAF1F6
:100430002B0F08D0BAF12D0F0BD102E0404611B0BE
:100440008DE744F48064B9696D1C0E988847824634
:10045000761E6946600501D52D2000E02B208DF821
:10046000000001F1010B0DF1200809E0B9696D1CD4
:100470000E98884782460F9844F40074761E0560F3
:10048000002E02DDBAF1300FF0D00B998A453ED133
:1004900044F0800406E00F99681CA9F1010944F4B6
:1004A00000740860B9696D1C761E0E9888478246F4
:1004B0003028F0D02BE00B998A4505D1200603D4D3
:1004C00044F08004761E18E0504606F0C5F908B3E3
:1004D0000DF11301761E44F400748B4508D2AAF185
:1004E00030000BF8010B200607D5A9F1010003E04D
:1004F000200602D409F101008146A00502D50F991A
:10050000681C0860B9696D1C0E9888478246002EE9
:10051000D1DC53E0002E51DDBAF1650F02D0BAF103
:10052000450F4BD1A00549D5B9696D1C24F4407421
:10053000761E0E9888478246002E0CDD2B2804D0AC
:10054000BAF12D0F07D144F48074B9696D1C0E986F
:1005500088478246761EE00501D52D2100E02B213B
:1005600008F8011BCDF82C8021E00DF12901761E41
:1005700044F4007488450CD2AAF1300010F0FF005A
:1005800088F8000002D10B99884509D908F10108C3
:1005900006E0E00501D5244801E042F20F708146F3
:1005A000B9696D1C0E98884782460F980560002E29
:1005B00004DD504606F050F90028D6D1F9690E98AE
:1005C0008847FF208BF8000088F800000020069084
:1005D00007904B466A4608A906A8FFF777FEA005D4
:1005E00002D46FF001002AE714F0240F0AD0E007CC
:1005F00014D1DDE906123868031D3B600068C0E9CC
:1006000000120BE0DDE9060100F094FA0146E00774
:1006100004D13868021D3A600068016028460EE780
:10062000000014400000F03FF1D8FFFF80EA010213
:1006300010B502F00043400022D04A001FD0010E46
:1006400001EB1261C0F35600C2F3560240F4000001
:1006500042F40002A0FB022000047F39140400D001
:10066000401C50EA124001D44000491EC2B20C06A0
:1006700004EBD010401C4008802A02D003E0002088
:1006800010BD20F00100002900DA0020184310BD41
:1006900030B480EA010202F0004530F0004221F05F
:1006A000004013D090B1C30DD40DC2F31601C0F3B6
:1006B0001600E41A41F4000140F400027D34914236
:1006C00001D3641C00E04900002C02DA30BC002099
:1006D00070474FF400000023914201D3891A03436D
:1006E00040084FEA4101F7D151B1914202D14FF098
:1006F000004105E002D24FF0010101E06FF001017D
:1007000003EBC450284430BC00F006BB2DE9FE4F7B
:10071000804681EA0300C00F0C46009021F00041A2
:1007200023F00045B8EB0200A94105D2404621461E
:1007300090461C460B46024623F00040104347D02B
:10074000270DC7F30A00C3F30A510290401A019023
:1007500040286BDAC3F3130040F4801B00989246E4
:1007600020B10023D2EB030A63EB0B0B019859462F
:10077000C0F14002504600F040FA06460D46504691
:100780005946019A00F048FA10EB08006141002434
:1007900087EA115284EAE7731A4340D0009A62B3A1
:1007A000019A012A4FEA075215DC001B61EB020196
:1007B0004FF0004202EA0752CDE90042001C41F529
:1007C000801132462B4600F0EDFA03B0BDE8F08F01
:1007D00040462146F9E7001B61EB0201001C41F590
:1007E000801300185B412018A2F5001747EB0301A6
:1007F00040EAD570B6196D4111E06D084FEA360632
:1008000045EAC0754FEA0752001B61EB0201001C6C
:1008100041F5801149084FEA300000195141324634
:100820002B4603B0BDE8F04F00F0ADBA00980122AE
:1008300040000023D0EB020263EBE07300982146F6
:100840004FEAE074B8EB000061EB0401E9E783F0E4
:1008500000435BE781F0004158E72DE9FE4F81EA54
:10086000030404F0004421F0004100944FF0000B19
:1008700023F0004350EA01045ED052EA03045BD047
:10088000C3F30A54C1F30A552C44A4F2F33401947F
:10089000A0FB0254C1F3130141F48011C3F313030D
:1008A00043F4801301FB024400FB034E840A970AC1
:1008B00044EA815447EA8357A4FB076802958D0AEE
:1008C00005FB07854FEA932C04FB0C542705029D7A
:1008D0004FEA065847EA1637B5EB08056EEB070CEA
:1008E000870E920E47EA811742EA8312A7FB0201A4
:1008F000B6EB0B0164EB00042B0D43EA0C335E18DE
:1009000044EB1C50DA465146E7FB0201C5F31304E1
:100910004FEA0B3343EA14534FEA0432019C43EA93
:100920000603A4F10C040294009CCDE900B400F08D
:1009300039FA03B0BDE8F08F00200146F9E72DE950
:10094000F04D81EA030404F0004B21F00045144609
:100950004FF0000A23F0004150EA050220D054EA8B
:1009600001021DD0C5F30A570246C5F31303C1F3B4
:100970001300C1F30A5640F4801543F48013A7EB2B
:100980000608101BD64608F2FD3873EB050002D3AB
:1009900008F1010801E092185B41B8F1000F03DA99
:1009A00000200146BDE8F08D00204FF4801106467E
:1009B00084460EE0171B73EB050705D3121B63EB90
:1009C000050306434CEA010C49084FEA300092182F
:1009D0005B4150EA0107EDD152EA030012D082EAEE
:1009E000040083EA0501084305D0101BAB4106D281
:1009F0000122002306E000224FF0004302E06FF0E6
:100A0000010253101AEB06004CEB085110EB0A00E0
:100A100041EB0B01BDE8F04D00F0B5B970B521F028
:100A2000004303430CD0C1F30A550024D5EB040561
:100A300064EB0403D617AD1AB34102DB0020014674
:100A400070BD201841EB025170BD96230022114663
:100A500000F06BB90EB540F2334102910021CDE9AF
:100A600000110A460B4600F09DF903B000BD20F0CE
:100A70000040C10DC0F3160040F400007F2901DAE8
:100A800000207047962903DCC1F19601C8407047E9
:100A900096398840704770B5C1F30A5201F000459D
:100AA0000024C1F3130140F2FF3341F480119A4254
:100AB00001DA002070BD40F233439A42A2F2334281
:100AC00003DC5242FFF77CFB00E090402C43F1D066
:100AD000404270BD30B5041E71F1000404DB4FF0DC
:100AE0000044404264EB0101141E73F1000405DB75
:100AF0001C464FF00043524263EB04038B4208BF95
:100B0000824230BD30B5041E71F1000404DB4FF0A9
:100B10000044404264EB0101141E73F1000405DB44
:100B20001C464FF00043524263EB0403994208BF56
:100B3000904230BD01F0004330B421F0004150EA52
:100B4000010206D00A0DA2F56072C1F31301002A5A
:100B500002DC30BC00207047440F44EAC104C100ED
:100B6000E01830BC00EBC25000F0D6B830B50B46F0
:100B7000014600202022012409E021FA02F59D42CD
:100B800005D303FA02F5491B04FA02F52844151EA1
:100B9000A2F10102F1DC30BD2DE9F05F0546002035
:100BA00092469B4688460646814640241BE02846DE
:100BB000414647462246FFF703FB53465A46C01AB2
:100BC000914110D311461846224600F016F82D1A0E
:100BD00067EB01084F4622460120002100F00DF886
:100BE00017EB00094E41201EA4F10104DFDC48464A
:100BF00031462A464346BDE8F09F202A04DB203ACE
:100C000000FA02F1002070479140C2F1200320FA5F
:100C100003F3194390407047202A06DBCB17203A94
:100C200041FA02F043EAE07306E041FA02F3D040F1
:100C3000C2F120029140084319467047426842B110
:100C4000016811F8013B23B1521EC0E90012184699
:100C500070470121C160881E704742685AB1C3685D
:100C6000016843B983688B4205D0491E521CC0E914
:100C70000012002070474FF0FF3070470FB4002380
:100C800000B589B00CA900910B996FF00042CB60C0
:100C90001E4B06931E4B07930423CDE901321D4AD8
:100CA000089202466B460020FFF7A4FB09B05DF8EE
:100CB00014FB70B586B006464FF0FF300091CDE9C9
:100CC0000101002015460C4604903246694604A8EE
:100CD000FFF7D4FF02460498211825B108B1084651
:100CE00000E020462860049800280DD0002A02DD8C
:100CF0000098884208D0081B0094CDE901043246D0
:100D0000694604A8FFF7BAFF06B070BD3D0C0008A5
:100D10005B0C0008AD0E00080029A8BF7047401CFE
:100D2000490008BF20F00100704710B4B0FA80FC01
:100D300000FA0CF050EA010404BF10BC704749B13E
:100D4000CCF1200421FA04F411FA0CF118BF0121AE
:100D500021430843A3EB0C01CB1D4FEA00614FEA8E
:100D6000102042BF002010BC704700EBC35010445D
:100D70000029A4BF10BC7047401C490008BF20F0E8
:100D8000010010BC704710B5141E73F1000408DA9E
:100D9000401C41F1000192185B411A4301D120F03F
:100DA000010010BD2DE9F04D92469B4611B1B1FAFC
:100DB00081F202E0B0FA80F220329046FFF71DFF88
:100DC00004460F4640EA0A0041EA0B0153465A46E0
:100DD000084313D0114653EA010019D0C8F140026C
:100DE0005046FFF7EDF905460E4650465946424635
:100DF000FFF703FF084305D0012004E020463946F1
:100E0000BDE8F08D0020054346EAE0762C433743E9
:100E10000A986305E40AA0EB08000022FD0A44EAF0
:100E200047540A3002D500200146E9E701051019B0
:100E30006941DDE9084500196941BDE8F04DA2E7C7
:100E40000EB540F2334202920022CDE90022134651
:100E5000FFF7A8FF03B000BDC1F30A52C1F31301AD
:100E600040F2FF3341F480119A4202DA0020014639
:100E7000704740F233439A42A2F2334202DC5242BC
:100E8000FFF79EB9FFF7B9BE064C074D06E0E068D4
:100E900040F0010394E8070098471034AC42F6D3C1
:100EA000FFF728F9B4BF0008D4BF0008C0B24FF460
:100EB000F05100F001B800007F2801D9002208E0BD
:100EC000064A02EB5002C007127800D1120902F064
:100ED0000F02012090400840704700005ABF0008F0
:100EE00070B58C1810F8015B15F0070301D110F8EC
:100EF000013B2A1106D110F8012B03E010F8016B19
:100F000001F8016B5B1EF9D12B0705D40023521E9B
:100F10000DD401F8013BFAE710F8013BCB1A921C03
:100F200003E013F8015B01F8015B521EF9D5A14201
:100F3000D8D3002070BD000070B5044600688168F9
:100F4000C943C90717D1816821F00101816001F00F
:100F500021FC05460AE000BF01F01CFC401B0228F2
:100F600004D920688068C043C00706D02068806824
:100F7000C043C007F0D0002070BDA06A40F0100050
:100F8000A062E06A40F00100E062012070BD000054
:100F9000F8B500260446009600688168C943C90771
:100FA0002DD0816841F00101816016481649006822
:100FB000B0FBF1F000E0401E00900028FBD101F0F2
:100FC000E9FB054616E000BF01F0E4FB401B0228E8
:100FD00010D920688068C043C0070BD0A06A40F0D9
:100FE0001000A062E06A40F00100E06284F8246032
:100FF0000120F8BD20688068C043C007E4D100200C
:10100000F8BD0000B00B002040420F002DE9FE4F5C
:10101000012407270094CDE901476946394800F0CB
:1010200067FB08B100F0AAFA00263546354800F003
:1010300039FD6421334800F097FC18B9314800F0BD
:10104000D5FB06446D1CEDB20A2DEFD30A25B6FB85
:10105000F5F0FFF7FFFCDFF8B0A04FF066394A4625
:101060005346FFF7FAFBDFF8A4B000225B46FFF718
:1010700066FCFFF75FFD2649FFF7D8FAFFF7F7FC9C
:10108000244E6946B08110208DE891001D4800F083
:101090002FFB08B100F072FA00273C464FF47A7833
:1010A000184800F0FFFC4146164800F05DFC18B9F6
:1010B000144800F09BFB0744641CE4B20A2CEFD3F5
:1010C000B7FBF5F0FFF7C6FC4A465346FFF7C5FBF2
:1010D00000225B46FFF733FC0F4A104BFFF7BAFBC9
:1010E0000F4A104BFFF72BFC00220F4BFFF70EFBB4
:1010F000FFF720FD0649FFF799FAFFF7B8FCF081EA
:10110000BDE8FE8F6C12002066660A4000FEAF400C
:101110000000C84290180020E17A14AE47E1F63F83
:1011200022FDF675E09C713F000039401CB5BE20E1
:101130008DF8040008208DF8050000208DF80600C9
:101140004FF6FF700090032301AA7021014801F0BF
:1011500013FD1CBD9C1200201CB5282001F012FAC2
:10116000BE208DF8040008208DF8050000208DF8C1
:1011700006004FF6FF700090032301AA7021054876
:1011800001F0FAFC00F0A2F8000701D4FFF7CEFF4F
:101190001CBD00009C12002070B500F019F80A4C2C
:1011A000084E31466068FFF741FAFFF760FC074DD3
:1011B000314668802068FFF739FAFFF758FCA880AD
:1011C00070BD00000000C842000000209018002000
:1011D00070B586B000208DF800008DF800008DF805
:1011E00000008DF800008DF800008DF80000AC21A3
:1011F0008DF80C1033218DF80D1004468DF80E007B
:101200004FF6FF75032303AA70212B48009501F0C8
:10121000B3FC502001F0B6F907E0012001F0B2F96B
:101220002046641CA4B2642803D200F04FF80006E4
:10123000F3D4062301AA70211F48009501F074FB26
:101240009DF805009DF806109DF8074041EA002131
:1012500044EA01200009FFF7FDFB0022174BFFF7CE
:10126000FCFA6FF009063246FFF7D8FB3246FFF76B
:10127000D5FBFFF75FFC124D28609DF808109DF824
:10128000090041EA042140EA0120C0F31300FFF7FE
:10129000E1FB00220B4BFFF7E0FA3246FFF7BEFB03
:1012A0003246FFF7BBFB0022074BFFF7D0FAFFF7F0
:1012B00041FC686006B070BD9C12002000005940DF
:1012C0000000002000006940000049401CB54FF6B6
:1012D000FF700090012301AA7021034801F024FB54
:1012E0009DF804001CBD00009C120020064B4FF42A
:1012F0000051012805D0002805D10022184601F030
:1013000043BA0122FAE7704700100140FEE70000EF
:101310000B4802F07BFB00F019F80A4801780A48F4
:1013200009F0BAF90021084809F05CFA05210648DD
:1013300009F058FA4FF47A74204606F0D4FFFBE720
:10134000F01200201D0000205C09002000B58BB0C9
:1013500000200121CDE90601059000900190029046
:10136000039004900E20CDE9081069460A4800F069
:1013700073FC08B100F002F9074800F051FF08B112
:1013800000F0FCF80221044800F0ECFB08B100F08A
:10139000F5F80BB0002000BD280C002030B4D0F8C8
:1013A0009C20D0F8A0404FF0FF3352F8212024F8C1
:1013B0001130C2F307420121831883F8B010D0F82E
:1013C000AC3030BC114618472DE9F04F9946DDE9A5
:1013D0000A5A4FF0FF3BDDF824C041E0AB1A5BB284
:1013E0000C78002B03DD00BF04FA03F403E0C3F123
:1013F000000324FA03F4E6B202DDC5F1080301E0BC
:10140000C2F10803DCB2844200D9044605EB0408AB
:10141000FF2707FA08F3C5F10805EF403B439CF8A6
:1014200000509E431D4035432244D2B28CF80050F8
:10143000072A07D90022B9F1000F01D05B4600E06E
:101440000123194408F0FF05072D07D90025BAF13B
:10145000000F01D05B4600E001239C44001BC0B29A
:101460000028BBD1BDE8F08F014800F07BBF000031
:10147000E4160020014800F075BF0000A01600200F
:1014800030B590F840500124AC40C56B6C600468E6
:1014900063604368102B036803D099600068C260E2
:1014A00030BD9A600068C16030BD7047411C0CD0EF
:1014B0000749B1F90020904201D1521E0A80054A25
:1014C00000EB4000002102F830104FF0FF30704771
:1014D0009C0B0020881A002010B50C46034604F02F
:1014E00078F910B14FF0FF3010BDD3F80021521C35
:1014F000D01702EB106020F0FF00101AC3F80001B3
:10150000185C2070002010BD10B50C46034604F096
:1015100068F928B109A004F0DBFF4FF0FF3010BDDF
:10152000D3F80421521CD01702EB106020F0FF000A
:10153000101AC3F804011C54002010BD71756575A4
:10154000652069732066756C6C0A00002DE9F04116
:1015500016460D46074600240CE029783846FFF76A
:10156000D3FF002803DA4FF0FF30BDE8F081641CA0
:10157000A4B26D1CB442F0D30020F6E772B6FEE7C9
:1015800008B506480268001F0368001F0068009045
:1015900003A1074804F0ACFF054808BDF0F7FF1FA2
:1015A000253038582530385825303858000000008C
:1015B000580D002070B50546D0F83801008818B3E2
:1015C00000242E1996F8B0000F2818D0286800784B
:1015D000A04214D096F8400140B9D5F8342112B198
:1015E000214628469047012086F8B00096F8400131
:1015F0002146401E86F84001284606F0EDFD641C99
:10160000E4B2802CDDD370BDB5F93001FFF74EFF99
:10161000A5F8300170BD0000F8B50025044600951E
:1016200090F8240001280BD0012084F824002046E3
:10163000FFF782FC2046FFF7ABFC060002D050E02B
:101640000220F8BDA06A20F4885040F00200A06299
:10165000022001F0DFFD25490968B1FBF0F04000F0
:1016600000E0401E00900028FBD12068816841F016
:101670000801816001F08EF8074608E001F08AF861
:10168000C01B0A2803D920688068000715D4206889
:1016900080680007F2D42068816841F0040181600D
:1016A00001F078F8074612E001F074F8C01B0A2830
:1016B0000DD920688068400709D5A06A20F0020093
:1016C00040F01000A06284F824500120F8BD20688A
:1016D00080684007E8D4A06A20F0020040F00100D2
:1016E000A06284F824503046F8BD0000B00B002002
:1016F000F8B50024009490F824202546012A12D041
:10170000012280F824204A681F23072A0DD2066888
:10171000776B521E02EB820293409F430B6893400B
:101720001F43776319E00220F8BD06680D2A0AD22C
:10173000376BD21F02EB820293409F430B689340AA
:101740001F43376309E0F76A0D3A02EB82029340C8
:101750009F430B6893401F43F7620A68072306689C
:101760000A2A0AD3F7680A3A02EB420293409F43DF
:101770008B6893401F43F76008E0376902EB420231
:1017800093409F438B6893401F4337610A68102A38
:1017900001D0112A20D1124B02689A4217D19368C6
:1017A0001B0219D4936843F400039360096810295D
:1017B00012D10C490C4A0968B1FBF2F101EB81012D
:1017C000490000E0491E00910029FBD104E0816A34
:1017D00041F020018162012480F824502046F8BDA8
:1017E00000240140B00B002040420F000068C06C94
:1017F000704700002DE9F0414FF0000704003D461E
:101800007ED0A06A002628B9E66284F824602046CB
:1018100000F07EF82046FFF78FFBA16AC90600D4CE
:1018200020B1A06A40F01000A06269E0A16A21F432
:10183000885141F00201A1626268E169237B0A4399
:1018400047EA43010A43A1684FF48077B94209D0BF
:10185000012907D05FF0000194F814C0BCF1010F1A
:1018600002D00AE03946F7E7F3B1A36A43F0200358
:10187000A362E36A43F00103E3622368D3F804C080
:101880002CF4694C4CEA010CC3F804C021688B6845
:10189000DFF870C003EA0C0313438B60A168B94200
:1018A0000BD0012909D00CE0DFF85CC0A3690CEB78
:1018B00043330B4343F40061DFE7218A0D05A5F5AF
:1018C00080152168CB6A23F470032B43CB62216817
:1018D00089680E4B1940914208D1E662A16A21F055
:1018E000020141F00101A162BDE8F081A06A20F08F
:1018F000020040F01000A062E06A40F00100E062E7
:101900000120F1E7FDF7E1FF00E0FFFFFE0E1FFF02
:1019100000B585B00021009101910291039100680A
:101920000E49884218D10E48816941F400718161E5
:10193000816901F400710491816941F004018161C0
:101940008069694600F004000490022000900320A2
:101950000190044800F028FE05B000BD00240140BD
:1019600000100240000801402DE9F84300270D4611
:101970000446009700F00EFF804620688168C90584
:1019800008D5A06A40F02000A06284F824700120ED
:10199000BDE8F8834168C90503D4C06A10F4700F2C
:1019A0002AD0022001F036FC3B490968B1FBF0F671
:1019B0002068036939490B424FEA61014FEAA112DD
:1019C0001FD1C3684FEA611C13EA0C0F19D10369D8
:1019D0000B4225D1C068104222D1142023E0681C9C
:1019E0000AD02DB100F0D6FEA0EB0800A84203D922
:1019F00020680068800725D5206800688007EED53C
:101A00002DE003690B4202D1C168114206D0026980
:101A100023490A4206D1C068084203D1542002E09B
:101A2000292000E0FC204643009816E0681C11D0F5
:101A30002DB100F0AFFEA0EB0800A8420AD9009833
:101A4000B04207D2A06A40F00400A06284F824707B
:101A500003209DE70098401C0090B042E6D3216827
:101A60006FF012000860A06A40F40070A062206865
:101A70008068C0F3424007280CD1207B50B9A06A8F
:101A800020F48070A062A06AC00403D4A06A40F071
:101A90000100A06200207BE7B00B002024499224C3
:101AA0004992240070B5044690F8240001280DD016
:101AB000012084F824002046FFF76AFA02004FF064
:101AC000000005D084F82400104670BD022070BDCF
:101AD000A16A40F20123994341F48071A1621F4D34
:101AE00023681F49AB4218D10E6816F4702F14D02A
:101AF000A66A46F48016A6620E68760505D5A66A23
:101B000026F4005646F48056A662A66AF6040AD564
:101B1000E66A26F00606E66206E0A66A26F4801665
:101B2000A6625E68E9E7E06284F824006FF00200D4
:101B3000186020688368C3F34243072B05D1A8428D
:101B400008D1096811F4702F04D0816841F4801124
:101B50008160B9E7816841F4A001F9E700280140FC
:101B60000424014090F82020012A07D0022A05D041
:101B7000416A41F480214162012070470068426956
:101B80000A43426100207047F0B590F82050046885
:101B9000A468012D05D0022D03D0416A41F48021B3
:101BA00057E014F0406F01D1E5004FD5C4F3016454
:101BB0000125A5401D608D684FF4C0739DB1CE68AE
:101BC00035434E6845EAC605066803EB0417F55130
:101BD0004FF4C275076805EB04150E697E51097D47
:101BE000012905D009E00E88CD6845EA4655EBE7A6
:101BF00001684E5946F480764E511179D57956795F
:101C000041EA056195792D0445EA062529434FF4FB
:101C1000C676056806EB0416A9511178D57841EA15
:101C20000561957852782D0445EA022211434FF45C
:101C3000C475026805EB04155151006803EB0411EB
:101C4000425842F0010242500020F0BD416A41F486
:101C5000001141620120F0BD10B590F820300268FB
:101C6000012B07D0022B05D0416A41F4802141624B
:101C7000012010BDD2F8000240F00100C2F80002BD
:101C8000087D00F01F0301209840D2F81C328343E6
:101C9000C2F81C32CB69B3B9D2F80C328343C2F814
:101CA0000C328C894B6864F31F434C6902EBC4040B
:101CB000C4F840320C890B6864F31F434C6902EB93
:101CC000C404C4F84432CB69012B16D1D2F80C32CB
:101CD0000343C2F80C320C884B6864F31F434C6911
:101CE00002EBC404C4F840320C89CB6864F31F4390
:101CF0004C6902EBC404C4F844328B69002BD2F85F
:101D000004320FD053EA0003C2F804320B69002BEF
:101D1000D2F8143208D00343C2F81432096A0129F8
:101D200004D008E08343EFE78343F5E7D2F81C12C1
:101D30000143C2F81C12D2F8000220F00100C2F8E0
:101D40000002002010BD704770B590F82040012CB3
:101D500005D0022C03D0416A41F4802128E00468B8
:101D600009B32469A40720D04FF4D874056804EBA4
:101D700001142D5915F00405956005682D591AD0E8
:101D8000ED08556005682C5904F00204D4604FF446
:101D9000DA74056804EB01142E5906F00F06082EBC
:101DA0000CD308250DE0E468DCE7416A41F400113A
:101DB0004162012070BD6D0D1560E3E72D5905F0FE
:101DC0000F05156105682D59C5F30725956105684F
:101DD0002C59240C54614FF4DC72046802EB01129C
:101DE000A4581C700468A458240A5C700468A458A1
:101DF000240C9C700468A258120EDA704FF4DE7244
:101E0000046802EB0112A4581C710468A458240A47
:101E10005C710468A458240C9C710468A258120ECA
:101E2000DA71006829B1016941F0200101610020E7
:101E300070BDC16841F02001C160F8E72DE9F05F95
:101E40000546006800244669D0F804908768D0F8F9
:101E50000CB0D0F810A0D0F81880F10748D0F907DE
:101E600014D001218160B80703D5284600F005FA97
:101E70000CE0780702D54FF4006407E0380702D57C
:101E80004FF4805402E0284600F0F6F9F80516D524
:101E900029684FF480708860B80503D5284600F0A3
:101EA000EEF90CE0780502D544F4005407E038055B
:101EB00002D544F4804402E0284600F0DFF9F8033C
:101EC00016D529684FF480308860B80303D52846BA
:101ED00000F0D7F90CE0780302D544F4004407E0A1
:101EE000380302D544F4803402E0284600F0C8F9F3
:101EF000300707D55FEACB6004D52968102044F489
:101F00000074C86070074FF0080707D55FEA0B70D0
:101F100004D52868C760284600F05AF9B00706D5EE
:101F20002868C068800702D0284600F053F9700680
:101F300007D55FEACA6004D52968102044F480649C
:101F40000861B00607D55FEA0A7004D52868076102
:101F5000284600F061F9F00606D528680069800778
:101F600002D0284600F059F9B00308D55FEAC960ED
:101F700005D5296810204860284600F04FF9F00385
:101F800007D55FEA097004D528684760284600F045
:101F900079F9300446D55FEA497040D5F00504D59B
:101FA0005FEAC87001D044F00104B00504D55FEACF
:101FB000887001D544F00204700504D55FEA4870CA
:101FC00001D544F00404300529D518F0700F26D04F
:101FD00008F07000402815D006DC102809D0202811
:101FE0000AD0302816D10AE050280ED0602811D12E
:101FF0000EE044F008040DE044F010040AE044F060
:10200000200407E044F0400404E044F0800401E0D0
:1020100044F480742868816921F070018161296825
:1020200004204860002C05D0686A20436862284676
:10203000FFF789FEBDE8F09F70B5040003D094F867
:10204000200010B104E0012070BD204600F082F8AD
:102050002068016841F00101016000F09BFB05462A
:10206000052604E000F096FB401B0A2811D82068E2
:102070004068C007F6D02068016821F002010160C5
:1020800000F088FB05460BE000F084FB401B0A28AB
:1020900006D9606A40F40030606284F82060D2E7BC
:1020A000206840688007EFD4207E012820680168FE
:1020B0003DD021F080010160607E01282068016828
:1020C00038D021F040010160A07E0128206801681D
:1020D00033D021F020010160E07E012820680168F2
:1020E0002ED041F010010160207F01282068016896
:1020F00029D021F008010160607F01282068016873
:1021000024D021F004010160D4E902010843D4E99C
:102110000412114308436168491E08432168C861DD
:1021200000206062012084F82000002070BD41F092
:102130008001C0E741F04001C5E741F02001CAE756
:1021400021F01001CFE741F00801D4E741F004018C
:10215000D9E7000010B586B00021009101910291ED
:1021600003910068174988422AD11748C16941F094
:102170000071C161C16901F000710491816941F090
:10218000040181618069114C00F0040004904FF457
:10219000006000906946204600F006FAA014009006
:1021A00002200190032003906946204600F0FCF9CC
:1021B00000221146142000F0FBFF142000F0EAFF7B
:1021C00006B010BD0064004000100240000801404D
:1021D000704700000EB50D4A00210D4801ABFFF716
:1021E000B3FD0A480188ADF80010C16802290BD080
:1021F0005FF000018DF80210007C8DF80300694645
:10220000044805F00CF90EBD0121F3E7D0180020B9
:10221000280C00205C0900207047704770470000C0
:1022200070B5044690F82000012804D0606A40F49C
:102230000020606218E0022084F820002068016815
:1022400021F00101016000F0A5FA05460EE000BF93
:1022500000F0A0FA401B0A2808D9606A40F4003058
:102260006062052084F82000012070BD206840686D
:10227000C007EDD1606270BD70477047704770470E
:1022800070477047704710B590F82110002202295E
:1022900005D00421816380F82020012010BD016851
:1022A0000B6823F00E030B6001680B6823F0010339
:1022B0000B6090F84030C46B012101FA03F36360B6
:1022C00080F8211080F82020104610BD10B590F83D
:1022D00021100024022903D00421816301243DE060
:1022E00001680A6822F00E020A6001680A6822F09A
:1022F00001020A601A4A0168914201D1012121E0DC
:10230000174A1432914201D110211BE0144A28329D
:10231000914201D1891515E0114A3C32914201D117
:1023200089140FE00E4A5032914202D14FF48031AD
:1023300008E00B4A6432914202D14FF4801101E06F
:102340004FF08071064A083A5160012180F821104F
:10235000002180F82010416B01B18847204610BD54
:10236000080002402DE9F05FC16B0C6801680B6842
:10237000D0F840C0042202FA0CF2494DDFF824A143
:10238000494E4A4FDFF828B1DFF828E122422CD02D
:102390005A072AD50A68920603D40A6822F0040272
:1023A0000A600168A94201D1042219E0514501D116
:1023B000402215E0B14202D14FF4806210E0B942F0
:1023C00002D14FF480420BE0594502D14FF48022F4
:1023D00006E0714502D14FF4800201E04FF08062C7
:1023E0002F4908394A60C16A3BE04FF0020808FAF9
:1023F0000CF818EA040F4FF000094FF0010235D035
:102400005FEA837832D50B689B0605D40B6823F00E
:102410000A030B6080F821200168A94201D1022241
:1024200019E0514501D1202215E0B14202D14FF40B
:10243000007210E0B94202D14FF400520BE059454E
:1024400002D14FF4003206E0714502D14FF4001280
:1024500001E04FF00072124908394A6080F820907C
:10246000816A00291AD0BDE8F05F0847082505FAFF
:102470000CF5254212D01B0710D50B6823F00E0374
:102480000B6090F84010C36B02FA01F1596082634F
:1024900080F8212080F82090016BE2E7BDE8F09FF2
:1024A000080002401C00024030000240440002408C
:1024B000580002406C00024030B528B308C81349E8
:1024C00014221944B1FBF2F18900C1631049816300
:1024D000022141771A6843F6F0718A43D0E900146B
:1024E0002143D0E902452C43214304692143446937
:1024F0002143846921431143196000214163012272
:1025000042770177084630BD012030BDF8FFFDBF9E
:102510000000024070B5044690F820000025012814
:102520000CD0012084F8200094F821600020012EB6
:1025300006D084F820000225284670BD022070BD18
:10254000022684F82160A0632068066826F0010650
:1025500006602046FEF794FFE06A002820680168C4
:1025600002D041F00E0106E021F004010160206874
:10257000016841F00A0101602068016841F0010131
:102580000160D9E770B5044600F004F90546601C07
:1025900002D004480078044400F0FCF8401BA0423C
:1025A000FAD370BDA40B00202DE9F84FDFF8B891E5
:1025B0000024A9F1040B23460F2709F1040AABF10B
:1025C000040EC9E00125A5402A40AA427DD1674EEC
:1025D000D1F804C0ACEB0608B44532D014DCBCF131
:1025E000030F3AD009DCBCF1000F2AD0BCF1010F77
:1025F0001CD0BCF1020F31D11DE0BCF1110F17D07E
:10260000BCF1120F2AD119E0B8F5881F19D006DCE9
:10261000B8F5803F15D0B8F5801F1FD111E0B8F58F
:10262000001F0ED0B8F5041F18D10AE0CB6815E0E2
:10263000CB681B1D12E0CB6808330FE0CB680C336E
:102640000CE08B682BB1012B4FF0080303D04561E0
:1026500004E0042302E0056100E00023FF2A01D822
:10266000064601E000F104064FEA840501D9A5F110
:102670002005D6F8008007FA05FC28EA0C0803FAC2
:1026800005F548EA0508C6F800804D68ED0062D5FA
:10269000374DAE6946F00106AE61AD6924F0030620
:1026A00005F001050095334D06EB050CDCF80850EC
:1026B000A607360F07FA06F825EA0805DFF8B880FE
:1026C000404503D14FF0000817E044E0DFF8AC804C
:1026D000404502D14FF001080FE0DFF8A4804045EB
:1026E00002D14FF0020808E0DFF89880404502D19F
:1026F0004FF0030801E04FF0040808FA06F848EA32
:102700000508CCF808804D68D9F80060ED024D4608
:1027100001D5164300E096432E604D68DAF800605C
:10272000AD02554601D5164300E096432E604D6834
:10273000DBF80060AD035D4601D5164300E096432B
:102740002E604D68DEF80060ED03754601D5164336
:1027500000E096432E60641C0D682A46E5407FF435
:1027600031AFBDE8F88F00000804014000001110EF
:10277000001002400000014000080140000C014030
:1027800000100140001401400AB1016170470904C2
:10279000FBE700000148806870470000A40B0020A0
:1027A00070B5040025D094F83D00002520B984F8C8
:1027B0003C50204600F03CFC242084F83D0020687A
:1027C000016821F0010101602068016841F40041C5
:1027D00001602068016821F40041016000F098FE6A
:1027E0004D4A6168914201D84C4900E04C49884209
:1027F00001D2012070BD4B492368B0FBF1F15E6846
:1028000026F03F060E435E606368934206D94FF49C
:10281000967359434FF47A73B1FBF3F12368491C63
:102820001E6A26F03F06314319626168914210D852
:102830004900401EB0FBF1F2521CC2F30B02042A05
:1028400001D2042022E0B0FBF1F0401CC0F30B00E9
:102850001CE0A268F2B301EBC10303EB0116431EB7
:10286000B3FBF6F35B1C43F480431B0549D092B3E2
:1028700001EBC10202EB0111401EB0FBF1F0401C64
:10288000C0F30B0040F4804040F400402168CA6966
:102890004CF6FF739A431043C861D4E90710014313
:1028A0002068026822F0C00211430160D4E90301EC
:1028B00001432068826848F2FF339A4311438160E4
:1028C000D4E9050108432168CA6822F0FF021043D9
:1028D000C86001E00EE016E02068016841F00101E7
:1028E00001602564202084F83D00256384F83E5073
:1028F000002070BD01EB4106431EB3FBF6F35B1CE9
:10290000B3E70120C2E701EB4101401EB0FBF1F04B
:10291000401CC0F30B00B7E7A086010080841E00B6
:1029200000093D0040420F002DE9F84F0025DDF879
:102930002890984617468A4604460095FFF72AFFD6
:10294000064694F83D0020287AD1192301228649B1
:102950002046009601F000FF0028F5D194F83C00D5
:1029600001286DD0012084F83C0020680168C90767
:1029700003D1016841F0010101602068016821F480
:1029800000610160222084F83D00102084F83E00A0
:1029900025646762A4F82A80608D20857348E06210
:1029A00033464A465146204601F014FD00287CD1AA
:1029B000208DDFF8BC81202768B1012814D00228BF
:1029C000206801681ED041F480610160206841697F
:1029D00080690090BBE020684169816900910168CD
:1029E00041F400710160B2E02068016821F4806167
:1029F000016072B62068416981690091016841F403
:102A000000710AE041F40061016072B6206841691A
:102A100081690091016821F48061016062B696E0ED
:102A2000032865D801280CD002284B464FF000023D
:102A30004146204600960BD001F08EFEA8BB0CE06C
:102A400090E032464946204601F02CFF68BB71E019
:102A500001F082FE48BB72B633E02068016821F4C1
:102A60008061016072B620680069616A0870606AFE
:102A7000401C6062208D401E2085608D401E608558
:102A80003C4846F2A8110068B0FBF1F0C0EBC00072
:102A900000EB80000090401E009007D02068406945
:102AA000C04340070DD50098F5E727E044F8305FB4
:102AB0006773A573206940F02000206162B625731A
:102AC0001CE02068016841F4007101602068006921
:102AD000616A0870606A401C6062218D491E218510
:102AE000618D491E618562B621680969017025E022
:102AF00032464946204601F0D5FE10B10120BDE81E
:102B0000F88F20680069616A0870606A401C606222
:102B1000208D401E81B22185608D401E6085206819
:102B20004269D243520712D4032903D1016821F428
:102B30008061016020680069616A0870606A401CF9
:102B40006062208D401E2085608D401E6085208D36
:102B500000287FF465AF84F83D7084F83E5084F817
:102B60003C50CCE70220CAE7020010000000FFFF43
:102B700004000100B00B00202DE9F84F1F469046DD
:102B80008A460446DDF82890FFF704FE054694F8CF
:102B90003D0020287FD1192301224049204600957D
:102BA00001F0DAFD002876D194F83C00012872D0BB
:102BB000012084F83C0020680168C90703D101683E
:102BC00041F0010101602068016821F400610160A9
:102BD000212084F83D00102084F83E000026266461
:102BE000C4F824806785608D20852D48E0622B46DF
:102BF0004A465146204601F063FC90B9206841697D
:102C00008069009036E02A464946204601F082FE5F
:102C100050B1206C042804D12068016841F400718F
:102C200001600120BDE8F88F606A216800780861C2
:102C3000606A401C6062618D491E6185218D491E5C
:102C400089B2218522685369DB435B070BD451B1FC
:102C500000781061606A401C6062608D401E608573
:102C6000208D401E20852A464946204601F048FD19
:102C70000028CED1208D0028C5D154F83D0B016825
:102C800041F400710160202004F81E09E6776677A0
:102C90000020C7E7FFE70220C4E7000002001000A1
:102CA0000000FFFF2DE9FF4F83B00025DDE910791B
:102CB0009A4693460446DDF848800095FFF76AFD82
:102CC000064694F83D0020287CD11923012288492A
:102CD0002046009601F040FD0028F5D194F83C0014
:102CE00001286FD0012084F83C0020680168C907E2
:102CF00003D1016841F0010101602068016821F4FD
:102D000000610160222084F83D00402084F83E00EC
:102D100025646762A4F82A90608D20857548E0627A
:102D2000CDE9008653465A462046049901F016FC28
:102D300000287CD1208DDFF8C091202768B10128C0
:102D400014D00228206801681ED041F4806101601F
:102D50002068416980690090BCE020684169816910
:102D60000091016841F400710160B3E020680168DE
:102D700021F48061016072B6206841698169009127
:102D8000016841F400710AE041F40061016072B62B
:102D90002068416981690091016821F480610160C6
:102DA00062B697E0032865D801280CD00228434674
:102DB0004FF000024946204600960BD001F0CCFCB3
:102DC000A8BB0CE091E032464146204601F06AFD86
:102DD00068BB72E001F0C0FC48BB72B633E020680B
:102DE000016821F48061016072B620680069616A3F
:102DF0000870606A401C6062208D401E2085608DD6
:102E0000401E60853D4846F2A8110068B0FBF1F015
:102E1000C0EBC00000EB80000090401E009007D087
:102E200020684069C04340070DD50098F5E727E0CA
:102E300044F8305F6773A573206940F0200020617B
:102E400062B625731CE02068016841F400710160DE
:102E500020680069616A0870606A401C6062218DA8
:102E6000491E2185618D491E618562B62168096907
:102E7000017026E032464146204601F013FD18B1AC
:102E8000012007B0BDE8F08F20680069616A087012
:102E9000606A401C6062208D401E81B22185608D79
:102EA000401E608520684269D243520712D403292C
:102EB00003D1016821F48061016020680069616AC2
:102EC0000870606A401C6062208D401E2085608D05
:102ED000401E6085208D00287FF464AF84F83D702B
:102EE00084F83E5084F83C50CBE70220C9E700004C
:102EF000020010000000FFFF04000100B00B0020E2
:102F00002DE9FF4F83B09A46DDE9119793460446B9
:102F1000DDF84080FFF73EFC054694F83D00202890
:102F20007FD11923012240492046009501F014FC6D
:102F3000002876D194F83C00012872D0012084F852
:102F40003C0020680168C90703D1016841F0010114
:102F500001602068016821F400610160212084F88B
:102F60003D00402084F83E0000262664C4F82480FA
:102F7000A4F82A90608D20852C48E062CDE9007588
:102F800053465A462046049901F066FB70B930E07A
:102F90002A463946204601F0BDFC58B1206C042871
:102FA00004D12068016841F400710160012007B07C
:102FB000BDE8F08F606A216800780861606A401C93
:102FC0006062218D491E89B22185628D521E628503
:102FD00022685369DB435B070BD469B10078106149
:102FE000606A401C6062208D401E2085608D401EFE
:102FF0006085208D0028CBD12A463946204601F035
:103000007FFB0028CAD154F83D0B016841F40071E0
:103010000160202004F81E09E67766770020C6E7E5
:10302000FFE70220C3E70000020010000000FFFFDE
:1030300010B586B0002100910191029103910068C2
:103040000F4988421AD10F4CA06940F00800A061D6
:10305000A069694600F008000490C020009012208A
:103060000190032003900848FFF79EFAE06940F4BE
:103070000010E061E06900F40010049006B010BD9B
:103080000054004000100240000C014002488168DA
:103090000278114481607047A40B0020074810B5E6
:1030A000016841F010010160032000F0A1F80F2039
:1030B00000F006F800F04AF8002010BD00200240A1
:1030C00030B505461C4887B0816941F400618161D3
:1030D000806906A900F40060009001A800F0F8F9EA
:1030E00000F026FA1549164AB0FBF1F11548491EC1
:1030F0000260416040F2E7320021C0E903218160B3
:10310000816100F011FC040012D10E4800F07EFC39
:1031100004000DD1192000F03DF8102D07D2002237
:103120002946192000F044F80748056000E0012412
:1031300007B0204630BD00000010024040420F00A2
:10314000002C014028170020A80B00200F4808B5CC
:10315000816941F001018161816901F00101009102
:10316000C16941F08051C161C069002200F0805006
:1031700000900F21901E00F01BF80548416821F0D7
:10318000E06141F00071416008BD000000100240A4
:1031900000000140002809DB00F01F0201219140DE
:1031A0004009800000F1E020C0F8001170470000E5
:1031B000F0B40E4B1B680C46C3F30223C3F10705A2
:1031C000042D00D90425191D072901D2002300E090
:1031D000DB1E012606FA05F1491E214099409E405A
:1031E000761E16403143F0BC03F096B90CED00E0BA
:1031F000064900F0070208684FF6FF03184040EA4E
:103200000220034A10430860704700000CED00E004
:103210000000FA0510B501460020234C012922D0F8
:10322000022939D010291DD161682268D20119D52F
:103230001E48C1F38342C903805C0AD561681B4AFA
:10324000C1F34041921E515C194AB2FBF1F148436F
:1032500001E0184948436168490203D44000032152
:10326000B0FBF1F010BD226AC2F30121012903D1A4
:10327000920701D5C80310BD022905D1626A9207E1
:1032800002D549F6404010BD0329FCD121688903CD
:10329000F9D54FF2244010BD00F04AF96168C1F33E
:1032A0008131491C4900DBE70010024032BF0008B1
:1032B00000127A0000093D002DE9F8430546007828
:1032C000354CC00754D0E0690026C00008D4E0693E
:1032D00040F08050E061E069012600F080500090ED
:1032E0002E480168C90512D40168804641F48071F6
:1032F0000160FFF74FFA074605E000BFFFF74AFA03
:10330000C01B642823D8D8F80000C005F6D5206A71
:1033100010F4407021D0A98801F4407181421CD082
:10332000206A1F49012220F440700A6000220A60CE
:103330002062C00711D0FFF72DFA074641F2883806
:1033400008E000BFFFF726FAC11B414502D9032060
:10335000BDE8F883206A8007F4D5206A696820F404
:103360004070084320621EB1E06920F08050E061A7
:103370002878800705D56068A96820F44040084394
:1033800060602878C00605D56068E96820F4800090
:10339000084360600020DBE700100240007000403E
:1033A000400442422DE9F0470F46050061D0434EEC
:1033B000306800F00700B84209D2306820F00700FA
:1033C00038433060306800F00700B84251D12868B7
:1033D0003B4C810712D5400703D5606840F4E0609C
:1033E00060602878000703D5606840F46050606032
:1033F0006068A96820F0F000084360602878C00782
:1034000028D06868012810D02168022810D08907C8
:1034100000292EDA616821F0030101436160FFF7A2
:10342000B9F9804641F288390DE021688903EFE758
:103430008901EDE7FFF7AEF9A0EB0801494502D994
:103440000320BDE8F0876068696800F00C00B0EB0D
:10345000810FEFD1306800F00700B8420BD9306817
:1034600020F0070038433060306800F00700B842B1
:1034700001D00120E5E72878400705D56068E968B4
:1034800020F4E060084360602878000706D5606893
:10349000296920F4605040EAC100606000F058F8EB
:1034A0006168084AC1F30311515CC84006490860CD
:1034B00006480068FFF704FE0020C2E70020024033
:1034C0000010024042BF0008B00B0020A80B0020F3
:1034D0000F2202600C4A536803F0030343605368F1
:1034E00003F0F0038360536803F4E063C360526841
:1034F0004FF4E06303EAD20202610448006800F07E
:1035000007000860704700000010024000200240E1
:103510000448054900684968044AC1F30221515C26
:10352000C8407047B00B00200010024052BF000896
:103530000448054900684968044AC1F3C221515C46
:10354000C8407047B00B00200010024052BF000876
:103550000E4A51680E4801F00C03042B11D0082BC1
:103560000FD10C48C1F38343C903C05C0AD551682D
:10357000084AC1F34041921E515C054A5043B0FBDA
:10358000F1F07047044948437047000000100240C2
:1035900000127A0020BF000800093D002DE9F84F15
:1035A000040070D02078C04DC00749D06868C0F3CF
:1035B0008100012807D06868C0F38100022809D182
:1035C0006868C00306D52868800339D5606800287C
:1035D000E7D035E06068B0F5803F0BD010B1B0F5B2
:1035E000A02F11D0286820F480302860286820F4AB
:1035F000802002E0286840F480302860606890B144
:10360000FFF7C8F806460AE0286840F480202860E2
:10361000F0E700BFFFF7BEF8801B642873D8286866
:103620008003F7D50CE0FFF7B5F8064605E000BFCC
:10363000FFF7B0F8801B6428F0D828688003F7D41F
:1036400020789A4E80074FF001094FF0000839D5D5
:10365000686810F00C0F07D06868C0F3810002287A
:1036600009D16868C00306D42868800714D520698A
:10367000012808D110E02069B0B1C6F80090FFF72A
:1036800089F8074605E00AE1FFF784F8C01B022825
:10369000C4D828688007F7D52868616920F0F80049
:1036A00040EAC10028600DE0C6F80080FFF772F81C
:1036B000074604E0FFF76EF8C01B022823D82868ED
:1036C0008007F7D4207800072CD57948A169D9B1B3
:1036D000C0F80090FFF75EF8074604E0FFF75AF8DD
:1036E000C01B02280FD8686A8007F7D571484FF4CD
:1036F000FA510068B0FBF1F0009000BF0098411E45
:103700000091FAD20EE080E0C0F80080FFF742F8A6
:10371000074604E0FFF73EF8C01B022875D8686A28
:103720008007F7D42078400760D5E8690027C000FB
:1037300008D4E86940F08050E861E869012700F0AA
:10374000805000905C480168C90513D40168834625
:1037500041F480710160FFF71DF8824606E000BF6A
:10376000FFF718F8A0EB0A0064284ED8DBF8000039
:10377000C005F5D5E06801280AD008B1052813D0A6
:10378000286A20F001002862286A20F0040002E084
:10379000286A40F001002862E06841F2883B98B155
:1037A000FEF7F8FF82460BE0286A40F0040028622A
:1037B000EEE700BFFEF7EEFFA0EB0A0159455AD82D
:1037C000286A8007F6D50CE0FEF7E4FF824605E0A4
:1037D000FEF7E0FFA0EB0A0159454CD8286A8007A4
:1037E000F6D41FB1E86920F08050E861E06988B341
:1037F0006968C1F38101022944D00228C6F86080BB
:1038000004D0FEF7C7FF044638E034E0FEF7C2FFFD
:10381000074604E0FEF7BEFFC01B02282BD828682D
:103820008001F7D4206AB0F5803F05D16868A168AF
:1038300020F4003008436860D4E90801084369684F
:1038400021F4741108436860C6F86090FEF7A2FF87
:10385000044606E025E000BFFEF79CFF001B02289F
:1038600009D828688001F7D51BE000BFFEF792FF5A
:10387000001B022802D90320BDE8F88F28688001C8
:10388000F4D40EE00128F7D06868226A00F4803191
:10389000914204D1616A00F47010884201D0012085
:1038A000EAE70020E8E70000001002400000424282
:1038B00080044242B00B0020007000407047704707
:1038C00070B590F83C20012A26D0012480F83C40B5
:1038D000022280F83D2003685A689D6822F0700635
:1038E0000A6832435A600D4B02689A4208D0B2F11E
:1038F000804F05D00A4B9A4202D00A4B9A4204D11B
:10390000496825F080031943916080F83D4000210B
:1039100080F83C10084670BD022070BD002C0140AC
:10392000000400400008004010B5040003D094F8E3
:103930003D0010B107E0012010BD002084F83C00DC
:10394000204600F01FF8022084F83D00211D206869
:1039500002F0C6F8012084F8460084F83E0084F89E
:103960003F0084F8400084F8410084F8420084F865
:10397000430084F8440084F8450084F83D000020AA
:1039800010BD000008B501681D48B1F1804F11D08D
:103990001C4A91421DD1C16941F00201C161C06957
:1039A000002200F00200009005211D20FFF700FC1E
:1039B0001D201FE0C16941F00101C161C069002201
:1039C00000F00100009005211C20FFF7F1FB1C20F6
:1039D00010E00D4A914211D1C16941F00401C16169
:1039E000C069002200F00400009005211E20FFF7AE
:1039F000DFFB1E20BDE80840FFF7CCBB08BD000080
:103A000000100240000400400008004090F83D1003
:103A1000012901D001207047022180F83D10016882
:103A2000CA6842F00102CA6000680B49884208D0A7
:103A3000B0F1804F05D00949884202D00849884238
:103A400004D1816801F00701062903D0016841F023
:103A50000101016000207047002C0140000400407B
:103A60000008004001680A6A41F211131A4207D1A6
:103A70000A6A9B101A4203D10A6822F001020A6006
:103A8000012180F83D100020704770B5044690F881
:103A90003C000025012817D0012684F83C60022054
:103AA00084F83D002068826822F0770222F47F4289
:103AB00082600868502838D00DDC20284FD005DC03
:103AC00090B3102811D14AE0022070BD302846D0B2
:103AD00040280AD13BE060282FD070280DD0B0F5E7
:103AE000805F03D0B0F5005F12D0012584F83D60FF
:103AF000002084F83C00284670BDCB68D1E9012144
:103B0000206802F029F82068816841F0770109E017
:103B1000CB68D1E90121206802F01EF82068816895
:103B200041F480418160E1E719E0CA684968206892
:103B300002F024F85021206806E0CA68496820682D
:103B400002F02DF86021206802F010F8CEE7CA6874
:103B50004968206802F012F840212068F4E72268E2
:103B600001461046F0E770472DE9F0410446006831
:103B7000C66805694FF00007A90713D5B10711D52D
:103B8000F91E0161012020772068806980072046A6
:103B900002D0FFF7E8FF04E000F07EF8204600F0D6
:103BA0007CF82777680716D5700714D521686FF061
:103BB00004000861022020772068806910F4407FAB
:103BC000204602D0FFF7CFFF04E000F065F8204662
:103BD00000F063F82777280715D5300713D521683B
:103BE0006FF008000861042020772068C069800712
:103BF000204602D0FFF7B7FF04E000F04DF8204662
:103C000000F04BF82777E80616D5F00614D52168A2
:103C10006FF010000861082020772068C06910F458
:103C2000407F204602D0FFF79EFF04E000F034F80A
:103C3000204600F032F82777E80708D0F00706D0D2
:103C400021686FF001000861204600F027F828067F
:103C500008D5300606D521686FF08000086120463F
:103C6000FFF72CFE680608D5700606D521686FF0B0
:103C700040000861204600F043F8A8060AD5B006C7
:103C800008D521686FF0200008612046BDE8F041AA
:103C9000FFF715BEBDE8F0817047704770B5044668
:103CA0000068104DA84201D1FFF7F0F92268AA423E
:103CB0000BD10D480168491C0160B1F5FA7F04D3AE
:103CC000002101600949012008700948824207D19A
:103CD0000848FFF7C7FE084802F070FB0749087064
:103CE00070BD0000002C0140240000201C000020BA
:103CF0000008004080130020500C0020200000200D
:103D00007047704710B504460068406994F8411048
:103D1000C0F3C010212911D180B12068143050E8BF
:103D2000001F21F0800140E80012002AF5D1A06BAD
:103D300008B1FEF7A8FA204602F018F92068406999
:103D400094F84210C0F38010222911D180B120686C
:103D5000143050E8001F21F0400140E80012002A12
:103D6000F5D1E06B08B1FEF78EFA204602F0D7F8E5
:103D7000002010BD70470000F8B5016804460868CF
:103D8000CA684B6910F00F0F4FF0000559D003F0CF
:103D9000010602F49077374365D0C10705D0D105FD
:103DA00003D5616C41F001016164410705D5D90774
:103DB00003D0616C41F002016164810705D5D90728
:103DC00003D0616C41F004016164010707D502F082
:103DD0002001314303D0616C41F008016164616CE2
:103DE00000293AD0800604D5900602D5204602F07C
:103DF000CBF820684069616CC0F38010090700D4DB
:103E000060B3204602F08BF820684069400621D557
:103E10002068143050E8001F21F0400140E80012F3
:103E2000002AF5D1E06BA8B16D494163E06BFEF764
:103E30004DFA002811D0E06B416B01B0BDE8F040B5
:103E4000084783060FD593060DD52046BDE8F840F8
:103E500002F09AB82046FFF78DFFF8BD2046FFF725
:103E600089FF6564F8BD266B2023012E7CD1C60630
:103E70007AD5D60678D508684868009048694FF02A
:103E80000206400640D5E16B086840680004000C5B
:103E9000E8D0A28D8242E5D9E085886920282DD01E
:103EA00020680C3050E8001F21F4807140E80012B7
:103EB000002AF5D12068143050E8001F21F00101DC
:103EC00040E80012002AF5D12068143050E8001FA5
:103ED00021F0400140E80012002AF5D184F8423078
:103EE000256320680C3050E8001F21F0100140E8E5
:103EF0000012002AF5D1E06BFEF7C5F96663A08DCC
:103F0000E18D401A81B22AE0A08DE18D401A81B284
:103F1000E08D0028A6D00029A4D022680C3252E8F7
:103F2000000F20F4907042E80007002FF5D12068C0
:103F3000143050E8002F22F0010240E80027002F43
:103F4000F5D184F84230256320680C3050E8002F0A
:103F500022F0100240E80023002BF5D166632046D2
:103F6000FFF7CFFEF8BDFFE705062BD5150629D5CF
:103F700094F841002128F5D1A068B0F5805F01D107
:103F80002069B0B1206A411C216221680078486034
:103F9000E08C401E0004000CE084E3D12068C1687E
:103FA00021F08001C1602068C16841F04001C1601A
:103FB000D8E7206A0088C0F308004860206A801CA7
:103FC0002062E5E74006CDD55006CBD5CA6820462D
:103FD00022F04002CA6084F8413000F0E1F9C1E704
:103FE000215E000870B5040004D094F8410000255B
:103FF00010B106E0012070BD84F84050204600F06A
:1040000023F8242084F841002068C16821F400517D
:10401000C160204602F01AF82068016921F490413D
:1040200001612068416921F02A0141612068C1686D
:1040300041F40051C1606564202084F8410084F897
:1040400042006563002070BD2DE9F04385B0002477
:104050000094019402940394054603685B48DFF8DA
:1040600068C102210322DFF86881061580274FF01E
:104070002009634537D1836943F4804383618369B1
:1040800003F480430493836943F0040383618069EC
:10409000039200F0040004900802CDE90001694693
:1040A0004046FEF781FACDE9006469464046029435
:1040B000FEF77AFA484E4748C6E90004C6E90247C7
:1040C0003461C6E905493046F461FEF7F5F908B1F7
:1040D000FDF754FAEE630022052125207562FFF7F3
:1040E00067F8252029E0DFF8F4C063452AD1C369C9
:1040F00043F40033C361C36903F400330493836959
:1041000043F0040383618069039200F0040004908B
:104110000420CDE9000169464046FEF745FA082033
:10412000CDE90004694640460294FEF73DFA0022BC
:1041300005212620FFF73CF82620FFF72BF805B0D5
:10414000BDE8F083DFF898C06345F8D1C36943F454
:104150008023C361C36903F480230493836943F01C
:10416000080383618069CDE9006100F00800CDE9B2
:1041700003201C4E69463046FEF716FAF014CDE9CE
:104180000004694630460294FEF70EFA124E1148BA
:1041900044362838C6E90004C6E9024734614FF4C2
:1041A00000507461C6E906903046FEF785F908B103
:1041B000FDF7E4F9EE630022052127207562FEF782
:1041C000F7FF2720B9E70000003801400010024047
:1041D0000008014058000240A016002000440040A2
:1041E00000480040000C014090F84230202B01D0E4
:1041F0000220704721B11AB10023036301F082BF8E
:104200000120704770B500681049002588420AD126
:104210000F4C6B1E20784142CAB20E4901440E4831
:1042200000F06EF810E00D4988420ED10C4C207859
:104230004142CAB20B4901440B48FDF787F90028F7
:1042400002DA0AA002F044F9257070BD003801407E
:1042500034000020C81300205816002000480040F9
:1042600035000020C8140020500C00204649464F5D
:104270002046756C6C0A000070B5006815498842CC
:1042800010D1154C4FF0FF332078C0F18001CDB232
:1042900012492A460144124800F032F82078284496
:1042A000207070BD0F498842FBD10F4D2878C0F1B6
:1042B0008001CCB20D49224601440D48FDF746F974
:1042C000002802DA0BA002F003F9287820442870B5
:1042D00070BD00000038014034000020C8130020E9
:1042E000581600200048004035000020C814002067
:1042F000500C00204649464F2046756C6C0A000061
:104300002DE9F843044690F84100984616460D46BC
:10431000202802D00220BDE8F88385B17EB10020BC
:104320006064212084F84100FEF734FAA6848146B7
:10433000E684A0682027B0F5805F02D003E001206A
:10434000E9E7206910B12E4600250EE000260CE0BA
:104350008021204601F01EFFA8B9C6B116F8010B56
:1043600021684860E08C401EE084E08C4B464FF0B2
:104370000002CDF800800028EAD14FF0400120462D
:1043800001F008FF40B184F841700320C3E735F81D
:10439000020BC0F30800E3E784F841700020BAE79D
:1043A0007047FEE701684A69D24352050FD46FF4A3
:1043B00080624A61002140F8301F202242738173DD
:1043C000026942F00402026101730120704700207B
:1043D000704700002DE9F84F0446C06A1E46934618
:1043E0000D4621680A6842F480620A60082807D0F6
:1043F000012805D010F5803F02D0206B112804D190
:104400002068016841F4807101604FF001195B463A
:10441000002249462046009600F09EF94FF40078AD
:1044200040B120680068C00501D5C4F84080032071
:10443000BDE8F88F2069DFF884A0B0F5804F0FD079
:104440000620216800EAD51747F0F00008613346DE
:104450005A460AF10601204600F0C6F958BB03E0AF
:10446000E8B240F001001CE02168E8B20861334680
:104470005A465146204600F0B7F9E0B92068416934
:1044800081690091016841F4807101605B460022FE
:1044900049462046009600F05FF90028C1D147F058
:1044A000F1002168086133465A465146204600F023
:1044B0009BF90028BCD00120BAE7000002000100EF
:1044C000F8B50446C06A1E460D461746082807D0B0
:1044D000012805D010F5803F02D0206B122804D1AE
:1044E0002068016841F480710160134600224FF09A
:1044F00001112046009600F02FF940B120680068B5
:10450000C00502D54FF4007020640320F8BD206977
:10451000B0F5804F0ED00620216800EAD51040F09B
:10452000F000086133463A460B49204600F05CF93A
:1045300078B902E005F0FE0000E0E8B22168086109
:10454000054933463A46891F204600F04DF90028B8
:10455000DCD00120F8BD0000080001002DE9F84F73
:104560000446006889460B9D01689846174641F449
:10457000806101602068016841F4807101600095EC
:104580004FF0011B0022594620460A9B00F0E4F838
:104590004FF4007A40B120680068C00501D5C4F826
:1045A00040A00320BDE8F88F216809F0FE000861F3
:1045B0002B46284920460A9A00F016F9F0BB2068DD
:1045C0004169806900902A4620460A9900F0A2F9C4
:1045D00040B1206C04283AD12068016841F4007190
:1045E000016034E0FEB2B8F1010F09D02168380A49
:1045F00008612A4620460A9900F08CF90028E8D183
:10460000206806612A4620460A9900F083F90028AE
:10461000DFD12068016841F48071016000950022BB
:10462000594620460A9B00F097F80028B3D121682C
:1046300009F0FF0040F00100086100E007E02B46B0
:10464000044920460A9A00F0CFF80028AAD0012099
:10465000A8E70000020001002DE9F84304460068C5
:104660000D46DDE9089701689846164641F48071C9
:1046700001604B4600224FF001112046009700F0E8
:104680006BF848B120680068C00502D54FF400708F
:1046900020640320BDE8F883216805F0FE0008616E
:1046A0003B464A461549204600F09EF888B92068E6
:1046B0004169806900903A464946204600F02AF94F
:1046C00048B1206C042804D12068016841F40071CD
:1046D00001600120DEE7F5B2B8F1010F09D02168D1
:1046E000300A08613A464946204600F013F900288E
:1046F000E7D1206805610020CCE70000020001003E
:1047000070B516460D4604461EE02046FFF74AFEE9
:1047100008B1012070BD681C16D0FEF73BF8801B65
:10472000A84200D885B920684069C04340070BD52E
:10473000002044F8300F20216173A073216941F0FB
:10474000200121612073E4E720684069C0434007ED
:10475000DBD4002070BD00002DE9F04798461746D5
:104760000D460446C1F30746DDF820902AE000BF5D
:10477000B8F1FF3F26D0FEF70DF8A0EB0901414547
:1047800002D8B8F1000F1DD12068012E16D0806923
:1047900025EA00000004000C12D00020B84211D11C
:1047A000002044F8300F20216173A073216941F08B
:1047B0002001216120730120BDE8F0874069E7E70F
:1047C0000120EBE72068012E0AD0806925EA00006D
:1047D0000004000C06D00020B842C9D00020EBE74E
:1047E0004069F3E70120F7E72DE9F04798461646C0
:1047F0000D4604464FF000094FF0200AC1F3074769
:1048000023E020684069C043400515D42068016852
:1048100041F40071016021686FF480604861C4F860
:10482000309084F83DA084F83E90216C41F0040162
:10483000216484F83C9021E0701C06D0FDF7AAFFAB
:10484000A0EB0800B04203D816B1012F1FD021E021
:104850002068012F15D0806925EA00000004000CB3
:1048600018D000BF44F8309F84F80DA084F80E9053
:10487000216941F02001216184F80C900120BDE8FC
:10488000F087406925EA00000004000CEAD12068A6
:10489000406901E02068806925EA00000004000CFE
:1048A000AFD1ECE72DE9F041002590460E460446D5
:1048B000202728E04069C043C0060CD454F8301BC0
:1048C0006FF01000486144F810596777A577206AA7
:1048D0002062257714E0FDF75DFFA0EB0800B042F1
:1048E00000D886B920684069C04340060BD544F81B
:1048F000305F6773A573206940F020002061257345
:104900000120BDE8F08120684169C9434906D1D43E
:104910000020F6E770B516460D4604461EE0204618
:10492000FFF740FD08B1012070BD681C16D0FDF7EF
:1049300031FF801BA84200D885B920684069C04378
:1049400000060BD5002044F8300F20216173A073BE
:10495000216941F0200121612073E4E7206840696A
:10496000C0430006DBD4002070BD00007CB50025EC
:104970008DF8045047208DF80500FF248DF806407F
:10498000032301AA82210B480094FEF7F5F80520C5
:10499000FDF7F8FD05208DF8040014208DF80500C2
:1049A0008DF80650032301AA822102480094FEF7E5
:1049B000E3F87CBD9C12002070B500F059F8044665
:1049C00000F03AF8064600F06FF805462046FCF77E
:1049D0003CF81349FBF72AFE04463046FCF735F84D
:1049E0001049FBF723FE1049FBF752FE0646284606
:1049F000FCF72BF80D49FBF719FE05460C4920463C
:104A0000FBF714FEFCF733F80A4CE0803046FCF765
:104A10002EF820812846FCF72AF8608170BD00003E
:104A2000CDCCCC3D0000A03F00007A4400002040E7
:104A30000000C842901800203EB50BA0FF2400687B
:104A40000290012302AA822100940848FEF794F8FC
:104A5000022301AA822105480094FDF765FFBDF8F5
:104A6000040040BA3EBD0000020000009C1200207D
:104A70003EB50BA0FF2400680290012302AA822108
:104A800000940848FEF778F8022301AA822105481D
:104A90000094FDF749FFBDF8040040BA3EBD000098
:104AA000040000009C1200203EB50BA0FF2400680B
:104AB0000290012302AA822100940848FEF75CF8C4
:104AC000022301AA822105480094FDF72DFFBDF8BD
:104AD000040040BA3EBD0000030000009C1200200C
:104AE0000A4B012808D002280ED1C001012906D0A6
:104AF000002909D1012203E04FF40070F6E70022FB
:104B000001461846FDF740BE70470000000C01400A
:104B1000F0B591B040216846FBF781FBFCF730FD12
:104B2000014645A001F0D4FC474D00242C7047A15C
:104B3000684601F0DDFC6846FBF78EFB82B24FF45D
:104B40007A76334669464748FFF7DAFB304601F08C
:104B500009F902286DD02C70FCF712FD024642A123
:104B6000684601F0C5FC6846FBF776FB82B2334627
:104B700069463C48FFF7C4FB304601F0F3F80228D1
:104B800057D02C703CA16846FBF788FB6846FBF7C2
:104B900063FB82B2334669463248FFF7B1FB41F20C
:104BA0008837384601F0DEF8022842D02C70FCF736
:104BB000E7FC024639A1684601F09AFC6846FBF71B
:104BC0004BFB82B2334669462648FFF799FB3846CD
:104BD00001F0C8F801282CD12C703CA1684601F0E6
:104BE00087FC6846FBF738FB82B2334669461D48AE
:104BF000FFF786FB384601F0B5F8022819D02C7073
:104C000037A1684601F074FC38A13C48FBF746FB2D
:104C10006846FBF721FB82B2334669461148FFF72D
:104C20006FFB384601F09EF8022802D0012011B037
:104C3000F0BD0020FBE700006370756964206973B4
:104C40002025730A000000002000002041542B445E
:104C500054555441534B3D2231222C223230220DE7
:104C60000A0000005816002041542B4D5154543D69
:104C7000222573220D0A000041542B4D51545449F2
:104C8000503D2262726F6B65722E656D71782E6970
:104C90006F222C2231383833220D0A0041542B4D1B
:104CA000515355423D2231222C2231222C223422D2
:104CB0002C2253544D333256392F446F776E4C6F3C
:104CC00061642F2573220D0A0000000041542B4D12
:104CD000514D554C54454E3D2230220D0A000000E6
:104CE00041542B524553540D0A0000004D51545469
:104CF0005F434F4E4E4543543A000000F70E0020EC
:104D000000F008F841F2883400F090F8204603F0F3
:104D1000EAFAF9E710B5FFF7FBFE012804D10349D1
:104D2000087003A001F0D4FB012010BD1F0000207B
:104D30004D51545420E69C8DE58AA1E599A8E8BF21
:104D40009EE68EA5E68890E58A9FEFBC81EFBC8148
:104D5000EFBC810A000000002DE9F04102F0DCFA0E
:104D6000040038D024A102F0C9FA074624A1204645
:104D700002F0C4FA064624A1204602F0BFFA054616
:104D800023A1204602F0BAFA23497A692AB1012AFE
:104D90000A8825D022F001020A8072692AB1012A0C
:104DA0000A8820D022F002020A806A692AB1012A08
:104DB0000A881BD022F004020A80406928B1012829
:104DC000088816D020F008000880204602F06EFA0D
:104DD0000120BDE8F08111A001F07AFB0020F8E786
:104DE00042F00102D8E742F00202DDE742F004029D
:104DF000E2E740F00800E7E74C45443100000000DE
:104E00004C4544320000000042454550000000007F
:104E100052454C4159000000901800207061727397
:104E200065206661696C2E0A0000000010B5164806
:104E300086B00DF1040C0189C489838942898CE80C
:104E40001E00C18800918388428810A11E4801F08D
:104E50004FFB1D4A1DA102F1800001F049FB1A49D8
:104E60001AA0803101F034FB17488030FBF7F4F9C9
:104E7000154982B24FF47A7380311548FFF740FA32
:104E800006B0012010BD0000901800207B22545075
:104E9000223A25642C225248223A25642C22564F6D
:104EA000223A25642C224355223A25642C2250575D
:104EB000223A25642C225652223A25642C22435051
:104EC00055223A25647D0000780D002025730000EE
:104ED000581600203EB50021124800910191104A59
:104EE0000291026081600173017501244FF4602218
:104EF0000461C2614160FCF77DFC08B1FCF73EFB38
:104F00001020CDE900040720029069460548FCF70F
:104F1000EFFB08B1FCF732FB0248FCF77DFB3EBD1E
:104F2000002401406C1200200F4810B50D490160AB
:104F30000821416000214FF4A0228160C0E90312E2
:104F40004FF480124261017641768176C176017715
:104F50004177FDF771F8002803D0BDE81040FCF759
:104F60000DBB10BD00640040280C00200D4808B5A2
:104F7000416941F0010141614069002200F00100F6
:104F8000009005210D20FEF713F90D20FEF702F920
:104F9000002205210F20FEF70BF9BDE808400F2085
:104FA000FEF7F8B80010024010B596B01C22114967
:104FB0006846FBF71BF90021684603F0A0F90E4C88
:104FC0000C491C2220601C3107A8FBF70FF90021B7
:104FD00007A803F094F9074960601C2238310EA835
:104FE000FBF704F900210EA803F089F9A06016B0C0
:104FF00010BD0000C4BB0008280000202DE9F041CE
:1050000086B000242C480094019402940394816992
:1050100041F010018161816901F010010491816901
:1050200041F020018161816901F0200104918169D1
:1050300041F004018161816901F0040104918169F9
:1050400041F00801816180691C4F00F008004FF4B5
:1050500000550490002229463846FDF795FBDFF8FD
:105060006080002206214046FDF78EFB01224FF4AE
:1050700040714046FDF788FB009502260125039606
:10508000CDE9015469463846FDF78EFA40F2023008
:10509000CDE90005CDE9024669464046FDF784FAB0
:1050A0000420CDE9000569464046CDE90245FDF7FB
:1050B0007BFA06B0BDE8F08100100240001001400C
:1050C000000C01400D4810B50B4901600C494160CE
:1050D00000214FF480428160C0E903124161816187
:1050E000C1610162FDF75CFB002803D0BDE8104000
:1050F000FCF744BA10BD0000005400409C12002090
:10510000A086010010B586B00024174800940194D1
:105110000294039404944FF0804105940160472168
:10512000C0E901144FF40051C0E9031480218161EA
:10513000FEF7FAFB08B1FCF721FA4FF4805000901B
:1051400069460948FEF7A1FC08B1FCF717FA049478
:1051500004A905480594FEF7B3FB002801D0FCF72D
:105160000DFA06B010BD0000F012002010B586B098
:105170000024174800940194029403940494134962
:105180000594016040F60F61C0E901146421C0E993
:10519000031480218161FEF7C7FB08B1FCF7EEF92B
:1051A0004FF48050009069460948FEF76EFC08B144
:1051B000FCF7E4F9049404A905480594FEF780FB84
:1051C000002801D0FCF7DAF906B010BD0004004059
:1051D0003813002010B586B00024174800940194BD
:1051E00002940394049413490594016041F61F410D
:1051F000C0E901146421C0E903148461FEF794FB43
:1052000008B1FCF7BBF94FF48050009069460A489A
:10521000FEF73BFC08B1FCF7B1F9049404A9064879
:105220000594FEF74DFB002801D0FCF7A7F906B066
:1052300010BD000000080040801300200C4810B58D
:105240000A4901604FF4E1314160002181600C2284
:10525000C160C0E904128161C161FEF7C3FE00288C
:1052600003D0BDE81040FCF789B910BD00380140FB
:10527000C81500200C4810B50A4901604FF4E1310F
:105280004160002181600C22C160C0E9041281618B
:10529000C161FEF7A7FE002803D0BDE81040FCF76F
:1052A0006DB910BD00440040101600200C4810B528
:1052B0000A4901604FF4E1314160002181600C2214
:1052C000C160C0E904128161C161FEF78BFE002854
:1052D00003D0BDE81040FCF751B910BD00480040B4
:1052E00058160020FEE702F043FB00F049F80A20C0
:1052F00002F0F9FFF7E7000010B58AB0202102A8FC
:10530000FAF78DFF1149002000F08CFA0F4C10A025
:10531000641E617801F0DCF8627814A102A801F043
:10532000E7F8022302AA0621002000F003F900207A
:105330000121CDE900014FF4E1330246617802F02A
:10534000D5FA02F0EFF80AB010BD00001D000020F1
:10535000526561645F536C61766541646472657324
:10536000732069732025640A00000000536C617685
:10537000654164726573733A253264200000000051
:1053800070B5224C2078002630B12670FBF704FF60
:10539000FFF712FBFBF73AFEA0781D4D90B1A67007
:1053A000A97C6170002001F07DF80A20FDF7EAF881
:1053B00002F0A8F802F096F8FFF79EFF6178154812
:1053C00005F06AF92878C00701D0012100E000212A
:1053D0000120FFF785FB2878800701D5012100E037
:1053E00000210220FFF77CFB2878400701D501202F
:1053F00000E00020FBF77AFF2878000701D50120A4
:1054000000E00020BDE8704000F0FCB91C00002066
:10541000901800205C090020FEE70020AFF3008018
:1054200070B506465FF0000404F1B000C0B201F0B0
:1054300015F8002001F012F8102001F00FF80025F7
:10544000304601F01DF86D1CEDB2802DF8D3641CC0
:10545000E4B2082CE8D370BD10B50120FDF792F836
:10546000AE2000F0FBFF202000F0F8FF102000F03D
:10547000F5FFB02000F0F2FFC82000F0EFFF0020A1
:1054800000F0ECFF102000F0E9FF402000F0E6FF04
:10549000812000F0E3FFFF2000F0E0FFA12000F0FA
:1054A000DDFFA62000F0DAFFA82000F0D7FF3F20A4
:1054B00000F0D4FFA42000F0D1FFD32000F0CEFFF5
:1054C000002000F0CBFFD52000F0C8FFF02000F056
:1054D000C5FFD92000F0C2FF222000F0BFFFDA2074
:1054E00000F0BCFF122000F0B9FFDB2000F0B6FF97
:1054F000202000F0B3FF8D2000F0B0FF142000F05A
:10550000ADFFBDE81040AF2000F0A8BF10B50446C5
:10551000B031C8B200F0A2FF102040EA141000F031
:105520009DFF04F00F00BDE8104040F0010000F0C6
:1055300095BF00002DE9F047002591468A460446B4
:10554000012B22D0DFF8BC80022B24D155E020387B
:10555000C7B27E2C04D90AF10100002400F0FF0A32
:1055600051462046FFF7D2FF07EB4700002608EB25
:105570004007B85D00F084FF761CF6B2062EF8D323
:10558000A41D6D1CE4B2EDB201E0DFF87C8019F8D7
:1055900005000028DBD1BDE8F0872038C7B2782CA1
:1055A00004D90AF10100002400F0FF0A5146204608
:1055B000FFF7ACFF5FF0000606EB071118F80100DB
:1055C00000F05EFF761CF6B2082EF5D30AF101005A
:1055D000C1B22046FFF79AFF5FF0000606EB071105
:1055E00001EB0800007A00F04BFF761CF6B2082EA3
:1055F000F4D308346D1CE4B2EDB219F805000028AC
:10560000CBD1C8E7D4B50008ACB3000810B505F09D
:1056100057F9002010BD10B5044602F0A5FC204645
:1056200002F062FC002010BD10B5044602F034FE0A
:10563000204602F0F5FD002010BD0000D0F8081251
:10564000097869B900210A4606E000BFD0F80C329B
:1056500043F82120491CC9B290F805328B42F5D895
:105660000020704730B401EBC102846802254FF07E
:10567000FF3305EB4205635300238468062505EBE1
:105680004202A35230BCC9B204F0FABE30B401EBFE
:10569000C102846804254FF0FF3305EB42056353D4
:1056A0008368C9B213F8124024F0010403F81240D1
:1056B00030BC04F0E5BE00002DE9FC41064640691F
:1056C0004FF4C0550489B0690789C4B1DFF83C8044
:1056D000BC4214D801AB6A462946304604F0C5FEE8
:1056E000009838B9019828B1C0F80880C0F80C803B
:1056F000C0F814806D1C641CADB2A4B2E8E730465B
:10570000BDE8FC41002101F040BC0000C35B000883
:105710002DE9F0470446406900260589A069B0F8E4
:10572000088035BBBDE8F087A16806EBC6070220FC
:1057300000EB470931F90900FBF7B8FEA26822F82F
:105740000900A168042000EB470931F90900FBF7C3
:10575000ADFEA268761CF6B222F80900A16800200E
:10576000062201F81700A16802EB47026D1C88525F
:10577000ADB24545D8D9D5E73EB50446D0F8A4002A
:105780000088A8B120686946007800F5E060ADF8AF
:10579000000001208DF8030000208DF8020094F82D
:1057A00078008DF80400D4F8E00101F075FE3EBDEC
:1057B00034F9A80FFBF77AFE20803EBD10B5FF211B
:1057C000C0F80411C0F80011491CFAF728FD0020A8
:1057D00010BDD0E94010814201D101207047002066
:1057E0007047D0F80411D0F80001491CCA1701EB2A
:1057F000126222F0FF02891A814201D10120704712
:1058000000207047064B012806D0002806D1002250
:1058100002211846FCF7B8BF0122F9E770470000E3
:10582000000C01403EB50C4601254FF47A710094FE
:10583000CDE9015102462B46A1210448FDF732FA79
:10584000207800B9257001203EBD00009C12002088
:105850007CB51D46144601AB6A4604F006FE00996D
:1058600031B9019921B10079A04201D941F8245000
:1058700000987CBD2DE9FC41054640690F464088F3
:10588000002831D007EB870105EB0114A96994F8D2
:10589000282049881044884226D86968134E51F858
:1058A0003000C06A90F800804FF0FF30A4F872001A
:1058B000852084F82A0094F83200CDE90006238E72
:1058C00094F82910284604F0AFFEE662626F2AB110
:1058D000414628469047E06AB04205D1F9B22846D1
:1058E000BDE8FC4104F0A8BDBDE8FC810000040552
:1058F0001FB501EB810100EB01114A6B0AB98A6BFC
:105900004A630392012203ABCDE90032029201F116
:105910003C0391F83220098E01F0C6FB04B010BDA3
:1059200070B501EB810100EB01118C6BA0182028F0
:1059300001D9FF2070BD002006E026181D5C0E4432
:10594000401C86F83C50C0B29042F6D3886B10449D
:105950008863002070BD00002DE9F05F8B4621496F
:1059600082460026B1F900001C4691461C4D401CA1
:1059700008E000BFB9F1000F01D02A7852B1761CBF
:1059800036B21835864201DC082EF3DB4FF0FF30CB
:10599000BDE8F09F8846864201D1A8F8000002F0D9
:1059A0001FFA07464FF4005120468C4200D30846A8
:1059B000D8F80420BA4207D9D21B824204D93A1837
:1059C000C8F8042004F060FFE019C5E903B0C5E998
:1059D00001A90A986861012028703046D8E70000C4
:1059E000881A00209C0B002004F03ABE10B550200D
:1059F00080F31188BFF34F8FBFF36F8F05F00EFC5C
:105A000018B104494FF080500860002080F31188DD
:105A100010BD000004ED00E030B593B028216846C9
:105A2000FAF7FDFB14210AA8FAF7F9FB002501207B
:105A30000F9510951195010412958DE8230004909F
:105A40004FF4E010CDE90810022407946846FDF7F2
:105A5000A5FD08B172B6FEE70AA90F2081E8310062
:105A60004FF48060CDE90D0502210AA8FDF79AFCEC
:105A700008B172B6FEE74FF4004011900F940FA8E2
:105A8000FDF71AFC002801D072B6FEE713B030BD56
:105A9000704700000148FEF767B800002817002093
:105AA00010B50348FEF760F8BDE8104000F06CB98F
:105AB000F0120020054800680169C90705D06FF0A1
:105AC0000101016102480068004770473813002057
:105AD000600000200148FEF747B800008013002056
:105AE000F0B50268194B1A4C1A4D4FF08047984296
:105AF00005D0B84203D0A04201D0A84203D122F081
:105B000070064A683243984205D0B84203D0A0429A
:105B100001D0A84203D122F44074CA6822434C69E0
:105B200022F08002224302608A68C2620A688262AE
:105B3000984201D109690163012141610169C907E5
:105B400003D0016921F001010161F0BD002C014089
:105B5000000400400008004010B5846842EA0322B7
:105B600024F47F440A432243826010BD826822F0FD
:105B700070020A4342F007018160704710B5036A62
:105B8000046A24F001040462846924F0F00444EA05
:105B9000021423F00A020A438461026210BD10B5A8
:105BA000036A046A24F010040462846923F0A003E9
:105BB00024F4704444EA023243EA01118261016232
:105BC00010BD2DE9F041044690F87E0048B3022A4A
:105BD00003D0032A01D0052A23D16269A088127A52
:105BE00000EBC200081AC0F3C705A16805EBC506A3
:105BF000022000EB4607C85FFBF758FCA168C853BA
:105C0000A168042000EB4607C85FFBF74FFCA168C2
:105C1000C853A168002001F8160029462046FFF766
:105C200021FD0020BDE8F08130B5002341F202657E
:105C3000441B1360A84261D028DC41F20144A0EB70
:105C40000402A04250D016DC41F21804A0EB04027A
:105C5000A04243D008DCB0F5805F3DD06FF48052A5
:105C6000D04235D1012064E0B2F5F47F38D0B2F5EE
:105C70007A7F2DD136E0012A38D0022A38D0A2F519
:105C80008072FF3A36D0012A22D135E040F2FE354B
:105C9000A4F2FE30AC4245D011DC40F2FF15A4F274
:105CA000FF10AC4231D005DC012C29D0B4F5FF7FC8
:105CB0000ED127E001282DD0022809D12EE001289D
:105CC00032D0022832D0032832D0B0F5C06F35D0A0
:105CD0001C480860002030BD00202AE0022028E097
:105CE000032026E0042024E0052022E0062020E016
:105CF00007201EE008201CE009201AE00A2018E016
:105D00000B2016E00C20104C02E00F4C0D201C3430
:105D100014600EE00C4C0E203834F9E70A4C0F20CA
:105D20005434F5E7102004E0112002E0122000E0D6
:105D300013200B60054901EBC00030BD024C14205C
:105D40007034E5E7000002066C1900205CBE000814
:105D50009F2803D1087808B1014870470020704798
:105D60003000090670B50546064C05E028466D1E54
:105D700006D30120FCF706FC20780028F6D0207816
:105D800070BD0000200000202DE9F0414FF40054C8
:105D900002F026F8204D02466868831800211F484B
:105DA00015E00678F6070FD006699E421DD84669B1
:105DB000C6B1B2FBF6F706FB1727F61B03270661F1
:105DC0000770A64200D23446491C09B21830B5F912
:105DD0000060B142E5DD20466C6004F055FD002610
:105DE0000E4C13E002260670EEE7F61A0661E8E7AD
:105DF0002078810707D520F002002070A26812B138
:105E0000E16860689047761C36B21834B5F9000036
:105E10008642EDDDBDE8F0819C0B0020881A002051
:105E200010B5406A0021C185C184FDF7A3FF10BDF4
:105E300070B5446A2068406994F84110C0F3C010FE
:105E40000025212904D118B1E584204600F08EF800
:105E50002068406994F84210C0F38010222904D1D0
:105E600018B1E585204600F05AF8606C40F010004B
:105E700060642046FDF77EFF70BD10B50146406AA4
:105E8000096809684FF0000289062ED4C2850168AE
:105E90000C3151E8003F23F4807341E80034002CBA
:105EA000F5D10168143151E8003F23F0010341E8C6
:105EB0000034002CF5D10168143151E8003F23F083
:105EC000400341E80034002CF5D1202180F8421035
:105ED000016B012909D101680C3151E8003F23F021
:105EE000100341E80034002CF5D14263016B012915
:105EF00002D0FEF787F910BD818DFDF702FF10BDBE
:105F000010B5406A01214163016B012902D0FEF7FF
:105F1000B3F910BD818D4908FDF7F3FE10BD01688E
:105F20000C3151E8002F22F4907241E80023002B3D
:105F3000F5D10168143151E8002F22F0010241E847
:105F40000023002BF5D1016B012909D101680C3127
:105F500051E8002F22F0100241E80023002BF5D178
:105F6000202180F8421000210163704701680C3144
:105F700051E8002F22F0C00241E80023002BF5D1A8
:105F8000202180F84110704708B590F8421022296E
:105F900001D0022008BD82684FF480539A4201D19B
:105FA000016921B1816A9A421BD04AB10AE00268B4
:105FB000816A5268C2F308020A80816A891C08E07B
:105FC000026972B10268526802F07F020A70816A47
:105FD000491C8162C18D491E0904090CC18503D089
:105FE0001BE002685268F1E70168CA6822F02002EB
:105FF000CA600168CA6822F48072CA6001684A698E
:1060000022F001024A61202180F842100021416300
:10601000026B012A03D0FEF7F5F8002008BD0163EA
:1060200001680C3151E8002F22F0100241E80023F2
:10603000002BF5D101680A68D20602D50A684968C2
:106040000091818DFDF75DFEE7E7000070B5044625
:1060500000680169E26821F440511143016121693E
:10606000A0680843616908432168CA6841F20C636B
:106070009A430243CA6020684169A26921F44071D1
:10608000114341611E492068884202D1FDF750FA50
:1060900001E0FDF73DFA00EBC00101EB0012606882
:1060A00064218000B2FBF0F3B3FBF1F36FF018064C
:1060B0007343B2FBF0F5B2FBF0F605EB8305322338
:1060C00003EB0515B5FBF1F5B6FBF1F605F0F005B0
:1060D00005EB0615B2FBF0F6B2FBF0F0B0FBF1F009
:1060E0006FF01802504306EB800003EB0010B0FB8A
:1060F000F1F0216800F00F002844886070BD0000B6
:106100000038014038B5816204468285002013467C
:106110006064222284F84220E56B1B4AAA62E56B88
:106120001A4AEA62E56B1A4A2A63E26B50630A462E
:106130002168E06B091DFCF7EDF9206801684068F3
:106140000090206948B120680C3050E8001F41F4ED
:10615000807140E80012002AF5D12068143050E820
:10616000001F41F0010140E80012002AF5D120682B
:10617000143050E8001F41F0400140E80012002AAE
:10618000F5D1002038BD00007B5E0008015F0008EB
:10619000315E00082DE9F843984617460D4604463F
:1061A000089E24E0701C22D0FCF7F4FAA0EB080053
:1061B000B0421AD8CEB12068C168490717D5802DE2
:1061C00015D0402D13D00168C94309070FD40168C9
:1061D0000025406800902046FFF7A1FE082060647B
:1061E00084F840500120BDE8F8830320FBE72068D5
:1061F000006835EA000004D00020B842D2D0002068
:10620000F1E70120F9E7000010B50448FDF7B4FDFF
:10621000BDE81040014800F037B80000C815002064
:1062200010B50D4C20680168890605D56FF0200176
:1062300001600A48006880472068016809060AD59D
:106240000168490607D56FF08001016004480068C5
:10625000BDE81040004710BD101600205800002077
:106260005C00002010B50448FDF786FDBDE8104035
:10627000014800F009B80000581600200148FBF75B
:10628000DDBD0000280C002038B504463C4B0068FA
:106290009D156FF002016FF00402984231D103683E
:1062A0009B0702D403685B0712D501602068026077
:1062B000606C00F004006064606C00F002006064D8
:1062C0002046FDF71FFD2A462E492046FDF78CFF8C
:1062D00020680168C943C90651D40168406800902C
:1062E000294800684068294C41424FF0FF3320782C
:1062F000091ACDB223492A4601442548FEF700F881
:106300003AE0244B98423AD103689B0702D40368D1
:106310005B0712D5016020680260606C00F0040029
:106320006064606C00F0020060642046FDF7EAFCE7
:106330002A4619492046FDF757FF20680168C943DE
:10634000C9061CD401684068009014480068406881
:10635000134C40422178401AC5B21248FDF756FB53
:106360000D4821782A4601440F48FBF7EFF8002832
:1063700002DA0EA000F0ACF820782844207038BD76
:1063800000380140C8130020A0160020340000206F
:106390005816002000480040C8140020E4160020D1
:1063A0003500002080130020500C00204649464F45
:1063B0002046756C6C0A0000FEE700002DE9F041F4
:1063C000070017D000241C4E4FF47A780BE03119E7
:1063D0000D463846FBF780F8294643460122174808
:1063E000FDF78EFF641C3846FFF7F3F90028EED066
:1063F000002030551248007860B10A2211A10E48E1
:10640000F9F73FFF30B112A10B48F9F713FF08B1BC
:10641000FEF7A2FC084908482039F9F70BFF10B134
:106420000120BDE8F0810BA10348F9F703FF002824
:10643000F7D00220F5E70000170F0020C815002054
:106440001F00002041542B4D515454505542000020
:106450007B0000004552524F520D0A001CB500212E
:106460008DF804108DF805004FF47A700090022327
:1064700001AA78210148FCF77FFB1CBD9C1200207B
:106480001CB540218DF804108DF805004FF47A708A
:106490000090022301AA78210148FCF76DFB1CBD86
:1064A0009C12002003B583B04FF47A73012204A933
:1064B0008DE80E0013460246A0210348FCF720FD9C
:1064C00005B0012000BD00009C12002070470000B4
:1064D0000FB4054B10B503A9044A029800F0D2F995
:1064E00010BC5DF814FB0000C97D00081C0C0020E6
:1064F0000FB4084B10B504A902AA039800F0C2F922
:10650000044602A9002000F047FE204610BC5DF8BA
:1065100014FB0000997100080907090E002804DB2C
:1065200000F1E02080F80014704700F00F0000F147
:10653000E02080F8141D704730B528B1144C031FBB
:10654000002021680A4605E0084630BD9A4203D87B
:1065500010465268002AF9D1002800D041680BD0BB
:106560000468A3EB0005A54204D11B681C44034644
:10657000046002E0436000E023603AB11C68D51A71
:10658000A54203D115682C441C6052685A6030BD86
:10659000200C00202DE9F04782460F4C10480D4E8C
:1065A0000E4F001B4FF0000820F007054FF00109C7
:1065B00000221146504601F039FD002802D1306812
:1065C00010B10020BDE8F0873C60C4E90058C6F86F
:1065D0000090EDE7240C00203C280020200C002037
:1065E000382A002002E008C8121F08C1002AFAD188
:1065F00070477047002001E001C1121F002AFBD143
:10660000704700002DE9FF5F82B00021DDE9043012
:10661000020DDDF840B0034318D044F61050A2F24A
:10662000FF3242431514119801281FD0A5EB0B002F
:10663000401C5FEA000A4FF000064E4FDFF8389129
:10664000B046504615D5CAF1000413E01198012454
:106650004AA3012801D16FEA0B010298119AC0E9FF
:106660000031C0E9024206B0BDE8F09FCBF1000066
:10667000DFE704460021404A491842EB0450CDE9C7
:10668000001012E0E00707D032463B46404649463C
:10669000FAF7E3F88046894632463B4610461946EB
:1066A000FAF7DBF806460F466410002CEAD1DDE964
:1066B0000401DDE90023BAF1000F06DAFAF7CDF89C
:1066C00042464B46FAF7C9F805E0FAF738F9424670
:1066D0004B46FAF734F904460E460022284BFAF7E7
:1066E00011FA03D84FF0FF30014607E00022254B96
:1066F00020463146FAF70AF8FAF7AEFB102409E013
:10670000002C0ADB0A220023FAF746FA039B3032F8
:106710001A55641E50EA0102F2D1641C039AC4F1B6
:1067200011031444119A012A03D0012208430DD108
:106730000AE0084304D000204FF0110B119072E7DB
:10674000A3EB0B056D1E0DE05B4504DD4FF0000271
:1067500005F1010504E003DA4FF00002A5F101059F
:10676000002AECD002981199C0E90231C0E9004535
:1067700079E70000000014400000F03F3000000006
:106780000000F0430000E03F2DE9FC411C468C4630
:10679000DDE908581746D0F8E4310A9E01AA694697
:1067A00060469847009911B10846BDE8FC8101791F
:1067B000B94201D82448F8E707EB470136B102682F
:1067C00012F82120D20701D02048EEE75CB1042264
:1067D000066802EB8102D5F800C0B358634505D9BD
:1067E0001B482B60E1E74FF00060DEE7012303EB7D
:1067F0008101735C88F8003000680821092B8658F5
:1068000007EB470201EB820106D041583246204691
:10681000F9F7ECFC2E6014E040582A68014602B9F2
:106820003246024403E000BF04F8013B401C0378F9
:106830000BB19042F8D3411A2960B14201D2002134
:1068400001700020B1E700001100090601000106F7
:10685000050004057047704730380A2801D201202E
:106860007047002070477047704770477047704707
:1068700070477047016A0978002902D1812201F02E
:10688000BCBC70472DE9FF4F95B09A468846064636
:106890000025EEE1252877D100242746F94A012179
:1068A000039400E0044316F8013F203B01FA03F093
:1068B0001042F7D130782A2811D06FF02F033078AA
:1068C000A0F13002092A16D8039A44F0020402EB20
:1068D000820203EB42021044761C0390EFE758F863
:1068E000042B0392002A03DA504244F4005403902C
:1068F00044F00204761C30782E2816D116F8010FC9
:1069000044F004042A280DD06FF02F023078A0F153
:106910003003092B09D807EB870302EB4303C718A1
:10692000761CF3E758F8047B761C30786C280FD07F
:1069300006DC4C2817D068280DD06A2814D104E052
:10694000742810D07A280FD10DE044F400140AE026
:1069500044F4801401E044F440147278824202D17D
:1069600004F58014761C761C307866280BD013DC76
:10697000582877D009DC002875D04528F6D046285D
:10698000F4D047281AD193E118E0632835D0642861
:1069900079D0652812D18BE1702873D008DC672884
:1069A000F1D069286FD06E280DD06F2806D1ACE0E9
:1069B00073282CD0752874D0782853D05246179954
:1069C00090476D1C54E1C4F30250022809D00328FB
:1069D0000DD0D8F8001004280DD00D6008F104087F
:1069E00046E1D8F80010EA17C1E90052F6E7D8F8F6
:1069F00000100D80F2E70D70F0E718F8041B8DF819
:106A0000001000208DF80100EB46012003E058F84B
:106A100004BB4FF0FF3061074FF0000102D40DE0DE
:106A200009F101018946B9420FDA8145F8DB1BF80B
:106A300009100029F4D108E009F1010189468142D9
:106A4000FADB1BF809100029F6D103985346A0EB96
:106A5000090721463846179A00F080FA284400EBCF
:106A6000090507E044E008E10DE01BF8010B524680
:106A700017999047B9F10109F7D253462146384694
:106A8000179AF2E039E00A21C4F302524FF0000BEA
:106A90000091022A06D058F8040BC117032A09D026
:106AA0000AE023E008F1070020F00702F2E8020103
:106AB000904605E000B2C117042A01D140B2C117C7
:106AC000002906DA0A460021404261EB02012D222C
:106AD00002E0220504D52B228DF80420012203E0D8
:106AE000E20701D02022F7E7914657E00A2100E0B3
:106AF00010214FF0000B00910BE010214FF0000B24
:106B000044F004040827009103E008204FF0000B34
:106B10000090C4F30252022A05D058F8040B002159
:106B2000032A08D008E008F1070020F00702F2E885
:106B30000201904603E080B2042A00D1C0B24FF0B7
:106B4000000922072AD53278702A07D0DDF800C064
:106B50008CF0100C5CEA0B0C05D00EE040228DF896
:106B60000420012208E050EA010306D030238DF80A
:106B700004308DF8052002229146009B83F0080323
:106B800053EA0B030AD150EA010201D1620705D58D
:106B900030228DF804204FF001097F1E3278582AE8
:106BA00004D039A20C920CAA02920BE03BA2F9E7A6
:106BB0005B46009AF9F7F0FF0C9B9B5C029A521E11
:106BC0000292137050EA0102F2D1029804A9081A45
:106BD00000F1200B600702D524F4803400E0012787
:106BE0005F4502DDA7EB0B0000E0002000EB0B018E
:106BF000009003984944401A0390E00306D453469A
:106C00002146179A039800F0A9F90544002706E0E9
:106C100001A85246C05D179990476D1C7F1C4F45D7
:106C2000F6DBE0030CD553462146179A039800F093
:106C300095F9054404E030205246179990476D1CA1
:106C40000099481E00900029F5DC08E0029802999E
:106C500052460078491C0291179990476D1CBBF170
:106C60000001ABF1010BF1DC5BE100F065F90544DB
:106C7000761C307800287FF40DAE19B02846BDE8A8
:106C8000F08F0000092801003031323334353637B7
:106C90003839616263646566000000003031323368
:106CA0003435363738394142434445460000000008
:106CB000600700D4062708F1070020F00700F0E87D
:106CC0000223804603F0004C5FEA0C0001D097A03D
:106CD00009E0200501D596A005E0E00701D095A0C8
:106CE00001E0AFF24C001390307823F000436528A8
:106CF0000CD006DC452809D046281DD047287FD176
:106D00003BE0662818D067287AD136E00021112FA1
:106D100001DB112000E0781CCDE9000104A90CA8DA
:106D2000FFF770FCDDE90D010C9A4FF0000B07F145
:106D30000109109200914EE04FF000400097CDE91C
:106D4000011004A90CA8FFF75DFCDDE90D020C9B06
:106D50000F994FF0000B91461093009211B9791CD6
:106D600000EB0109B7EB090003D4C0F1FF3B07F1C9
:106D70000109A9EB0700019042E0012F00DA012789
:106D80000021112F01DD112000E03846CDE900017E
:106D900004A90CA8FFF736FCDDE90D010C9A00915F
:106DA0004FF0000BB946109221070FD4009A4A45C4
:106DB00003DA914601E0A9F10109B9F1010F05DDFE
:106DC000109AA9F10101515C3029F4D0B84202DADD
:106DD00010F1040F03DA0121CDE9011010E00028C1
:106DE00003DC8344A9EB000102E0411C494500DDBE
:106DF0008946A0EB0B00401C01904FF00040029030
:106E0000200705D40198484502DB4FF0FF30019080
:106E100000208DF84B0002980DF14B07B0F1004FA8
:106E200025D002200C902B200D90029800280CDA1F
:106E3000404202902D200D9007E00A210298F9F7B8
:106E400095FE3031029007F8011D0C99481E0C90F8
:106E50000029F2DC02980028EFD1791E0D98087005
:106E6000307800F0200040F0450007F8020D11A82E
:106E7000C01BC01D02901398007800B1012000EBE8
:106E80000901019801EBE071029801440398401A4E
:106E9000401E0390E00306D453462146179A0398F8
:106EA00000F05CF805441398007818B15246179921
:106EB00090476D1CE00323D553462146179A03984B
:106EC00000F04CF805441BE0BBF1000F07DB009815
:106ED000584504DD1098179910F80B0001E0179938
:106EE00030205246904701980BF1010B401E05F1EE
:106EF0000105019004D12E205246179990476D1C30
:106F0000B9F10001A9F10109DEDC05E017F8010B78
:106F10005246179990476D1C0299481E029000290D
:106F2000F4DC53462146179A03989EE62D00000094
:106F30002B000000200000002DE9F0410446002550
:106F40001E461746880404D405E039462020B04781
:106F50006D1C641EF9D52846BDE8F0812DE9F0418D
:106F6000044600251E469046C80301D5302700E0A0
:106F70002027880404D505E041463846B0476D1CFB
:106F8000641EF9D52846BDE8F0812DE9FE4F044680
:106F90004069002589460689A069078994F87E0022
:106FA00000280ED0002E6AD0A846CDF80080CDF87B
:106FB0000480CDF8088060E005286ED00B2858D0FA
:106FC000FF20BDE8FE8F606850F83600416909680F
:106FD000002901DA0B2024E0006AB9F1000F23D068
:106FE0000178E9B3F02925D8A26805EBC50112F8AC
:106FF00011305B1CDBB202F811300278934219D1D8
:10700000A268204602F81180CDF80080CDF80480F7
:107010006A462946CDF8088000F0DDF80028D9D16D
:107020000520BE42C8D92AE00078FF2829D0FE28D2
:1070300027D01CE00078FC2818D105EBC50A0622F1
:10704000A16802EB4A000A182946204600F0C3F85E
:107050000028A06810F81A1003D021F0010202E005
:1070600016E041F0010200F81A20B3E780B1BE42F9
:1070700005D86D1C761CEDB2B6B2BE42A3D9002075
:107080009FE7A06805EBC50110F81100C007EDE708
:107090002946204603F0F4F99CE76A462946204633
:1070A00003F072FA96E700002DE9FF4F83B0914696
:1070B000DDE910758246D0F8E43101AA69460498EA
:1070C000984704460098002803D12179494503D800
:1070D0002E4807B0BDE8F08F09EB490625B12068BE
:1070E00010F82600022811D00121206801EB86014A
:1070F00010F80180042101EB86014558386848B139
:10710000A84207D0B8F1090F02D03BE02048E0E7E1
:10711000A84237D2DAF824204046069990470090DA
:107120000028D6D10820216800EB860B3A6851F878
:107130000B000699F9F75AF8B8F1090F07D138682A
:10714000A84204D22368002253F80B100A543D6071
:10715000019850B150F82930494633B10A462146CA
:107160005046984700900028B3D1206810F82600B8
:10717000400705D5DAF8E83150464A460499984761
:107180000020A6E703483D60A3E7000011000906C0
:1071900002000106100007060A68531C0B601070FD
:1071A00070477047704710B530B1036823B1D0E91C
:1071B0000121914201D204E0002010BD491C8160F0
:1071C00020B1914202D25C5C202CF7D99142F4D1DB
:1071D000491E816010BD2DE9F04F436983469146F9
:1071E0001889DBF80420C00000EBC1045B89A058BB
:1071F000DB0003EBC1018F184069396889B0008852
:10720000D1F808A00026C0F30A01A9F800103546FD
:1072100089F8026000200490059006EB46021423D2
:10722000396803EB82028A581368190C13F0FF04C3
:107230002ED02B190793402B2AD8A4F1010C01233F
:1072400003EBDC0CCDF818C01288CDE902030DF178
:10725000200C0DF11808CDE9008CC2F3072204AB15
:107260005846FFF791FA18B1FF2009B0BDE8F08F3A
:1072700009EBD502121D0092002005F00701CDE9AF
:107280000110002320461A4604A9FAF79DF8079D2D
:10729000761C9AF80000F6B2B042BBD801206D1EF1
:1072A00000EBD50089F803000020DEE72DE9F0416E
:1072B00004460027104E1BE0A0892568C0050BD4AA
:1072C000A06820B1FFF7F2FFA089C00504D42069AF
:1072D00010B1716888472761A089800504D4206AAD
:1072E00010B17168884727627168204688472C462C
:1072F000002CE1D1BDE8F08110000020002200F058
:10730000B6BD10B5016828208847040002D02821A6
:10731000F8F785FF204610BD0022114600F06EB838
:107320002DE9F04788B00F4604469A4616461C21C0
:107330006846F8F774FF2F480025002C056045606B
:1073400055D08146E7B3CDE900470295D9E902124D
:10735000D9F810000491CDE9052009F10800FFF7E4
:10736000D0FF5FEA00082BD000986F4608B1029862
:1073700008B100270BE00198042808D903221EA1B8
:107380000098F8F794FF10B90298C01C0290384694
:10739000FFF709FF0146404601F008FA68B1BAF16B
:1073A000000F13D06846FFF7FEFEDDE901018142C0
:1073B00003D202990098405C40B14046FFF776FF47
:1073C000DDE9011088420AD205460BE01EB10299A0
:1073D000009808443060404608B0BDE8F087081EB9
:1073E00000D0451E0EB160193060C9E9004500208B
:1073F000F2E7000008000020EFBBBF0070B51546A3
:107400000E46040009D0F8F727FF411C2B463246F0
:107410002046BDE87040FFF783BF002070BD30B448
:107420000A88D3090F2B35D2DFE803F02D08341872
:10743000181818181818181F1F342600802A06D08C
:1074400090F87B20002A25D030BC01F02DBA90F8AE
:107450007C1000291ED030BC02F066BD90F87E2062
:10746000002A17D030BC01F0F9BA90F87A20002A2F
:1074700010D030BC01F008BC90F87D20002A09D063
:1074800030BC01F06DBA026A1278002A02D030BC1A
:1074900001F01BBA30BC7047F0B587B000260F4D25
:1074A0000596C87828610C46CA780DF10B00091DB5
:1074B0000746F8F79BFEAE6020882860A07800B1F0
:1074C0000220E86005AB3A4604490548FAF75CFB40
:1074D00010B1002007B0F0BD0120FBE7B818002074
:1074E000280C0020064810B501780024012902D09C
:1074F0000624204610BDC0690028FAD08047F8E76E
:107500003800002010B5064C207818B1012805D0AD
:10751000062010BD6069804701202070002010BD4A
:107520003800002070B5064D00242878012802D0CC
:107530000624204670BD2869804700202870F8E79F
:107540003800002070B50C460988002505292FD188
:10755000417840F2CF760A0281781143C278491C03
:107560001302027989B21A43531EB34220D2002378
:107570002380012300F8013B2688761C26805607CD
:1075800003D003EBD203DEB201E0C2F3C70600F87A
:10759000016B23885B1C2380002300F0D5FA18B10F
:1075A00002F07CFE054604E020883044208000E0A4
:1075B0000325284670BD70B50C46098800250529AD
:1075C0002FD1417840F2CF760A0281781143C278F8
:1075D000491C1302027989B21A43531EB34220D2C6
:1075E00000232380022300F8013B23885B1C2380B7
:1075F000530704D0012303EBD203DEB201E0C2F350
:10760000C70600F8016B23885B1C238000F0EAFAB0
:1076100018B102F043FE054604E020883044208083
:1076200000E00325284670BD70B50C460988002689
:10763000052928D1417805790A0281781143C27859
:10764000491C45EA02256A1E89B27C2A1BD8002201
:107650002280032200F8012B22880023521C228062
:107660006A0000F8012B2288521C22802A4600F072
:10767000F9FA18B102F012FE064605E0208800EB88
:107680004500208000E00326304670BD70B50C46F2
:1076900009880026052927D1417805790A028178D1
:1076A0001143C278491C45EA02256A1E89B27C2A28
:1076B0001AD200222280042200F8012B2288521CB8
:1076C00022806A0000F8012B2288521C22802A4660
:1076D00000F0FCFA18B102F0E1FD064605E0208852
:1076E00000EB4500208000E00326304670BD2DE908
:1076F000F0410446088800270D460A2842D36078E6
:1077000026790102A078227A0843401C1FFA80F8EB
:10771000E07846EA00266079731E0102A0790843EA
:10772000401C81B2E0797C2B42EA0022607A28D8A2
:107730003AB3792A25D8B0EB420F22D1012304F1C4
:107740000A0000F08FFA98B90021298017212170D2
:107750002988601C491C2980710000F8011B2988B8
:107760000023491C29803246414600F07BFA18B1BB
:1077700002F094FD074605E0288800EB46002880CB
:1077800000E003273846BDE8F081000070B5064CE4
:107790000D4606492288401CF8F728FD2088401C29
:1077A0002880002070BD0000E40000207017002039
:1077B00038B50988002405290BD141780A0281785F
:1077C0001143491C027989B21AB9C278FF2A03D041
:1077D00012B10324204638BD00228DF80120C07864
:1077E000FF280CD08DF8002001231A46684600F0CF
:1077F000ABF90028EED002F051FD0446EAE7012083
:107800008DF80000F0E710B509880024052902D0A2
:107810000324204610BD417801230A028178C01C50
:107820001143491C89B21A4600F01CFA0028F0D016
:1078300002F034FD0446ECE72DE9F0410D460988DD
:107840000024052926D9417843790A028178114319
:10785000491C8EB2C178027942EA0122510704D054
:10786000012101EBD201C9B201E0C2F3C701571EE9
:10787000B7F5F66F0ED299420CD101233146801D27
:1078800000F062F918B102F009FD044603E005209A
:10789000288000E003242046BDE8F08170B50D4645
:1078A0000988002406291DD341780A0281781143F2
:1078B000C278491C1302027989B21A434379561ED1
:1078C000772E0FD85606360E9E420BD10123801D0F
:1078D00000F0C8F918B102F0E1FC044603E005200D
:1078E000288000E00324204670BD0000F8B51E4645
:1078F0001746DDE906320546FF2906D029B1F729EA
:1079000003D8134C084621710DB102261CE0114921
:107910002161114961611149E1601149A1610021B1
:10792000E16110492162104961621049A16200922F
:107930003246394600F07CF8060005D103F0B8FA6B
:1079400020B16571012020703046F8BD0326FBE7A9
:1079500038000020197B0008357B0008C17A000838
:10796000717A0008C1AF000869B0000829B00008AA
:10797000F8B52E4C0025207808B10620F8BD6846E1
:1079800003F088FA01284ED19DF80000F0B30128D9
:1079900002D0022847D111E0244AA369921D911C0C
:1079A000C81F984705003ED160782179884201D0F0
:1079B000FF2838D1022003F083FA34E0A3680120C5
:1079C0001A4A1978A170E07000202C3212F8306049
:1079D0006EB18E4208D102EBC00014494268891D85
:1079E00018469047E07002E0401C1028EEDB6078FB
:1079F000FF2818D0E07880B10021E180A178A2684A
:107A000041F080011170E188491C00E00BE089B26F
:107A1000E1805054E088401CE080D4E90213E28801
:107A20002079984705462846F8BD00003800002018
:107A300038B50846154604990091002408222946C5
:107A400003F04EFA01280DD1B5F5964F01D9232048
:107A500003E006496800B1FBF0F080B203F076FA6B
:107A6000012800D00324204638BD0000A07F170065
:107A70002DE9F041104C07461646A088884600259F
:107A8000B0F5807F01D9AFF30080A088042804D32B
:107A9000A1880A4802F0DEFF18B105252846BDE896
:107AA000F081064800783870A088C01E30800348F6
:107AB000401CC8F80000F1E7E80000209017002003
:107AC00070B5134C034600256078012802D00525C7
:107AD000284670BD491E0126A160084666800B70CD
:107AE000618811446180618802F0B4FF6188094AAD
:107AF0005318491C61801870010A60880244401CB8
:107B00006080117026700121002003F071F8DFE71A
:107B1000E800002090170020054910B500204870AB
:107B20000146012003F064F8BDE8104003F09CB862
:107B3000E800002010B50021084603F059F8BDE820
:107B4000104003F07FB80000F0B5491E89B28C18D0
:107B50000A2C01D90120F0BD541EE51704EB557520
:107B6000012404EBE5061E4D012B18D1F4B213E0FD
:107B700010F8016B00230AE026FA03F707F001076B
:107B80006F54491C521E5B1C89B292B2DBB20AB11F
:107B9000082BF1D3641EE4B2002CE9D11EE016F0EC
:107BA000FF061BD000273B4611E000BF15F801E09F
:107BB000BEF1000F05D004FA03FC4CEA070C0CF0F0
:107BC000FF07521E491C5B1C92B289B2DBB20AB19C
:107BD000082BEBD300F8017B761EE0E70020F0BD18
:107BE000F4000020F0B5491E8CB2A1180A2901D971
:107BF0000120F0BD511ECB1701EB5371012505EBA0
:107C0000E101CEB216491BE000273B4611E000BF60
:107C100011F804E0BEF1000F05D005FA03FC4CEAB0
:107C2000070C0CF0FF07521E641C5B1C92B2A4B23E
:107C3000DBB20AB1082BEBD3761E00F8017BF6B25B
:107C4000002EE1D100200A5C3AB100220A54401C07
:107C500080B20A28F7D30020F0BD0122F6E7000029
:107C6000FE00002030B54C1EA4B2A5180A2D01D983
:107C7000012030BD134D012B09D01EE030F8023B2E
:107C80005BBA25F81430641C521EA4B292B2002ACA
:107C9000F4D10A2913D10C49012008700FE000BF6C
:107CA00035F81410090A00F8011B15F81410641CAB
:107CB000521E00F8011BA4B292B2002AF0D100209B
:107CC00030BD0000901800201E000020491E10B595
:107CD0008BB29C1810490A2C0FD9012010BD00BF8F
:107CE00031F81340240A00F8014B11F813405B1CD3
:107CF000521E00F8014B9BB292B2002AF0D1002034
:107D000031F81020521C21F81020401C80B20A28A3
:107D1000F6D3002010BD0000A418002010B50446C2
:107D2000054B002241F20301FDF792FDD4F8081241
:107D30000020087010BD00003D56000870472DE976
:107D4000FE439946DDE90A7615468846044602ABAD
:107D500000F065F850BB012D04D19DF808102046B5
:107D600002F06AFB022D21D19DF8080000EB800093
:107D700004EB0010B0F97200F9F798FB9DF80810B9
:107D800001EB810104EB0111A1F872009DF80810CC
:107D9000852001EB810104EB011181F82A009DF897
:107DA000080000EB800004EB0010C662CDE900760D
:107DB0004B4642462946204602F036FC002800D0B9
:107DC000FF20BDE8FE83000013B54FF0FF33012212
:107DD00069460248FCF794FA00981CBDC8150020BB
:107DE0004FF08040406A704700680078704710B5D7
:107DF000002303EB830400EB041494F82A402CB115
:107E00005B1C13F0FF03F4D0FF2010BD137003EBD5
:107E1000830200EB021080F82910002010BD70B51D
:107E2000002404EB840500EB051595F82A606EB17B
:107E3000852E0BD095F828608E4207D195F82950F1
:107E4000954203D103B11C70002070BD641C14F076
:107E5000FF04E6D0FF2070BD01EB810100EB0111B2
:107E6000486B08B1896B401A1060002070472DE9FB
:107E7000F0418846A8B3B8F1000F33D084680AB93E
:107E80000AE024686CB3216A59B34046F8F7EBF96D
:107E90000028F6D120E024681CB3266A5FEA0805B2
:107EA000F9D0002EF7D0B54218D002E098B16D1C81
:107EB000761C2878F8F794F907463078F8F790F9A7
:107EC00087422878F2D0F8F78BF905463078F8F732
:107ED00087F98542DFD124B1206A10B12046BDE880
:107EE000F081FFE70020FAE7F8B505461B4B0022BA
:107EF00041F21701FDF7ACFC002685F8DC61344641
:107F000016E000BFD5F89C0030F8240003041B0CD9
:107F10000CD04FF47A704343114A2146284600960C
:107F2000FDF71AFDD5F8A01021F81400641CE4B286
:107F3000D5F898000078A042E4D8D5F8A4000388CA
:107F4000002B0AD04FF47A704343064A002128469A
:107F50000093FDF701FDA5F8A800F8BD175600082D
:107F60009D1300087957000870B5054600240BE002
:107F7000D5F8A00030F91400F9F798FAD5F8A01058
:107F800021F81400641CE4B2D5F898000078A042EF
:107F9000EED835F9A80FF9F789FA288070BD0000EE
:107FA0002DE9F8431746DDE90896002501EB81022B
:107FB000984600EB0214022E2DD0032E2BD0042E57
:107FC00029D0052E27D0B4F97200F9F76FFA00BF57
:107FD000A4F8720084F82870A4F8308084F83290F5
:107FE00084F82A6084F82B506563A56384F85C509C
:107FF00084F85D5084F85E50256684F8645084F8F7
:10800000655084F8665084F8675084F870500020FA
:108010006567BDE8F883034B034A0095FDF79CFCB8
:10802000D6E70000C0C62D00755800082DE9F041C4
:108030000B3020F00706104D19E02068B04215D330
:10804000B0420AD9871B201DD4F80480F8F7CEF877
:10805000A019C0E90078286004E060682860201D4D
:10806000F8F7C4F8201D2660BDE8F081251D2C68B6
:10807000002CE2D10020F7E7200C002010B50446C8
:10808000FFF732FF2046BDE8104000F0C9B810B538
:108090000446FFF769FF2046BDE8104000F0FCB839
:1080A00030B501EB810100EB01118C6BA018202889
:1080B00002D84D6BA84201D9FF2030BD002006E058
:1080C00025180D4495F83C501D54401CC0B29042F8
:1080D000F6D3886B10448863002030BDFAF7DEFFCA
:1080E000FDF79AFCFCF78AFFFCF740FFFDF7A6F8C6
:1080F000FDF7C0F8FDF7DAF8FDF704F8FDF736F8FC
:10810000FDF768F8FCF7DEFFFCF7E4FEFCF70CFF78
:108110004FF4C870FAF736FA1A480068C16841F09F
:108120001001C1604FF48074224617491548FCF7CE
:108130005BF816480068C16841F01001C160224632
:1081400013491248FCF750F812A0FEF7C1F916A027
:10815000FEF7BEF9FDF780F9FDF75FF9022316A2DD
:1081600000211020FDF7E6F9F8F7F6FFFCF7FEFB1B
:108170001548FDF723FBFDF7BFF8FCF715FF00F0EE
:10818000B9F8FEE7C8150020C813002058160020D3
:10819000C8140020556172743120696E69742069B9
:1081A00073206F6B0A00000043414E4F70656E20D4
:1081B000546573740A00000043414E4F70656E2091
:1081C0005465737400000000500C0020014600202C
:1081D000842900D0C81C70470EB541F4E061ADF8A9
:1081E000001001218DF8021000218DF80310D0F845
:1081F000E0016946FFF750F90EBD0EB50023ADF85A
:1082000000308DF802308DF8042002238DF805101F
:108210008DF80330D0F8E0016946FFF73DF90EBD57
:1082200038B504461A4B002241F20C01FDF710FB51
:10823000174B002241F20D012046FDF709FBD4F84F
:1082400038010388002B22D0D4F83C0100780028A4
:108250001DD04FF47A7043430E4A0021204600930C
:10826000FDF77AFBA4F830010020211891F8B02026
:108270000F2A08D022681278824204D0D4F83C2118
:10828000127881F84021401CC0B28028EDD338BD5F
:1082900029560008B515000810B50446B0F930019C
:1082A000F9F704F9A4F8300110BD10B586B020220A
:1082B00004AC04920094012205ABCDE9013201EB3C
:1082C000810100EB0114039204F13C0394F8322085
:1082D000218EFEF759FA002803D10498606300202C
:1082E000A06306B010BD10B500B9012002F040FD3A
:1082F000002010BD10B502F061FD002010BD7FB55B
:108300000D4604464169B0F9080081B1A16971B117
:10831000FFF75CFFD4E905128DE80700D4E90010EF
:108320002B46226902F04FFF039004B070BDFFF7A7
:108330004DFF03A9CDE90001208A2B4682B2D4E982
:10834000001002F013FF012801D00020EDE7039890
:10835000EBE72DE9F04107460025C8680C462E469C
:10836000B0F57A7F5BD2401CE0602168A068095CB0
:108370005B2954D1401CA0602046FEF714FF4CB18D
:10838000D4E90110884203D22268125C5D2A33D0FE
:10839000884203D3A068401EA06040E0401E04F164
:1083A0001008A0604046FEF7ACFF98B30DB33060F4
:1083B00046600646A068401CA0602046FEF7F3FE1B
:1083C0002146304600F0F2F930B32046FEF7EBFECE
:1083D00014B3D4E90110884203D22168095C2C2926
:1083E000E0D06268904217D22168085C5D2813D102
:1083F00002E005462E46DDE7E068401EE06005B17C
:108400006E602020C7E90250A068401CA0600120D7
:10841000BDE8F081FFE715B12846FEF747FF0020D1
:10842000F6E7034610B500200246995CA1F130043E
:10843000092C01D830380AE0A1F14104052C01D8FB
:10844000373804E0A1F16104052C08D857380844F6
:10845000032A00D20001521C042AE6D310BD0020DA
:1084600010BD00002DE9F84F4FF0000980460C00C8
:108470004FF02E0A48464D464F46CDF800903ED06C
:108480002668CEB3D4E9012122E07318C35C342BF3
:108490001BD00ADCA3F12B03092B1CD2DFE803F06D
:1084A000151B152D1B1515151500382B0DD006DCC9
:1084B000352B0AD0362B08D0372B0CD105E0392BC1
:1084C00003D0452B01D0652B05D16D1C401C14B188
:1084D0000B189342D9D32169681C884706000ED037
:1084E000A16820682A4601443046F7F77FFE06F867
:1084F00005907FB100200BE001E00127E5E70020B7
:10850000BDE8F88F315C2E2901D106F800A0401C8F
:10851000A842F7D36946304602F018FA054600989B
:108520000F46864203D1616930468847E7E7C8E9CC
:108530000657144A144B28463946F8F7E3FA02D88E
:108540006FF0004108E00022104B28463946F8F74A
:10855000C1FA04D84FF00041C8F8141005E02846CD
:108560003946F8F798FAC8F814000821C8F80C1032
:108570000099A068891B0844A0606169304688475B
:108580000120BDE70000C0FFFFFFDF410000E0C1A8
:108590002DE9F04107460026C8680C463546B0F57F
:1085A0007A7F7BD2401CE060002C77D0D4E90110A8
:1085B000884273D22168095C7B296FD1401CA0607E
:1085C0002046FEF7F0FDD4E90110884203D222686C
:1085D000125C7D2A4FD08842A0F10100A0605DD2DC
:1085E00004F110084046FEF78CFEE8B30EB3286095
:1085F00045600546CCB3D4E90110401C88424AD2FC
:10860000A0602046FEF7CFFD2146284600F048F83E
:1086100058B32046FEF7C7FD28692862002028616C
:10862000D4E90110884236D22168095C3A2932D156
:1086300002E006463546DDE7401CA0602046FEF716
:10864000B2FD2146284600F0B1F870B12046FEF791
:10865000AAFDD4E90110884203D22168095C2C29C3
:10866000C0D06268904201E014E014E013D22168A7
:10867000085C7D280FD1E068401EE06006B175609F
:108680004020C7E90260A068401CA0600120BDE84E
:10869000F08103E016B13046FEF708FE0020F6E751
:1086A0002DE9F84380468B6808684FF00009C4182C
:1086B000CDF8009008680E46651CC15C641C222938
:1086C0006ED10022716808E0BCF15C0F04D17F1C00
:1086D0008F4265D2521C641C641C271A8F4204D23C
:1086E00094F800C0BCF1220FEED1271A8F4257D266
:1086F0002178222954D11844201A801A3169401C4B
:10870000884707004CD0009737E029785C2905D0CE
:1087100000986D1C00F8011B00902EE00220611BE8
:10872000012939DB6A78662A14D008DC222A12D0A3
:108730002F2A10D05C2A0ED0622A2DD108E06E2A92
:108740000ED0722A0ED0742A0ED0752A24D10DE0D4
:10875000082200E00C22009901F8012B00910BE0A7
:108760000A22F8E70D22F6E70922F4E76A462146D5
:10877000284602F085F978B10544A542C5D3009991
:1087800081F800901021C8E903173068201A401CB6
:10879000B0600120BDE8F88317B171693846884799
:1087A00015B13068281AB0600020F3E770B50C00EE
:1087B00005465ED0206800285BD0A16863680A1D6A
:1087C0009A4205D80844042231A1F7F770FD78B326
:1087D000A0686268411D0126914206D821680522E1
:1087E00008442DA1F7F763FD28B3A0686268011D56
:1087F000914206D821680422084429A1F7F757FDC1
:10880000E8B1D4E90101814203D22268525C222AF4
:108810001DD0814221D22268525C2D2A02D0303AEA
:10882000092A1AD821462846BDE87040FFF71ABE2B
:108830000420E86006E0EE60A068401D04E002202D
:108840006E61E860A068001DA060012070BD214637
:108850002846BDE87040FFF723BF814203D222685B
:10886000525C5B2A07D0814203D22068405C7B289F
:1088700007D0002070BD21462846BDE87040FFF7B4
:1088800068BD21462846BDE87040FFF781BE000064
:108890006E756C6C0000000066616C736500000012
:1088A000747275650000000030B4CA78082A0AD1D5
:1088B0000A78D0F8384202F07F058A888B792946F9
:1088C000A44630BC604730BC704770B5044690F891
:1088D00078007F2803D0052801D004283FD14A79A9
:1088E0001AB123681B789A4239D10979802925D099
:1088F00009DC01291CD0022931D17F2801D00528AB
:108900002DD1042126E081291ED0822927D120469D
:10891000FFF76AFAD4F89410054609B12046884753
:108920002168FF2008702946204601F0B5FE10E0BE
:108930007F2801D0042812D105210BE0052801D0A1
:1089400004280CD17F2105E0D4F8901009B120460D
:10895000884700212046BDE8704001F043BF70BD4C
:108960002DE9FE43044608784FF0000800F07F062A
:108970008878012818D00879A51900F07F07D4F865
:108980003C01007885F8400195F8B000B84207D066
:10899000D4F8D8313A4631462046984785F8B07029
:1089A00095F8B00038B32BE020680078B04220D1B1
:1089B00020684146007800F5E060ADF80000012035
:1089C0008DF803008DF8028094F878208DF804204B
:1089D00094F8DC3133B142F080008DF8040084F863
:1089E000DC1101E084F8DC016946D4F8E001FEF70F
:1089F00053FDBDE8FE83D4F8D4213146204690478C
:108A000095F8B0000F28F4D000251FE0D4F89C00A2
:108A100050F82510C1F30740864215D1D4F8A000C4
:108A20008FB230F91500F8F741FD4FF47A7007FB6B
:108A300000F3094A29462046CDF80080FCF78CFF58
:108A4000D4F8A01021F815006D1CEDB2D4F89800F0
:108A50000078A842DAD8CCE79D1300082DE9F04F42
:108A6000894604460222002199F8020089B00D4689
:108A700010B101287ED09EE06769A369B8889E88FE
:108A800020B998E0022A04D0042A0FD0B042F9D9C4
:108A900091E0B9F80030626852F830C0DCF814C0D8
:108AA000BCF800C09C450CD1B04210D8FF88626869
:108AB000F80000EBC50B002652F80B00D0F8088038
:108AC00049E06D1C401C80B2EDB2B042E4D972E0C6
:108AD00000200390049063684FF0140C53F80B20AF
:108AE00006EB46030CEB8303D2585FEA020A66D01A
:108AF0009AF8002012F0FF0207922AD00A44069248
:108B000099F80330B2EBC30F23D803AACDE90020B4
:108B100001F0070209EBD10103460290091D0798F5
:108B2000F8F752FC07990120491E00EBE10105917D
:108B300005AA00210092CDE90110DAF8000003AB8C
:108B4000C0F30722010C2046FEF7AEFAB8BB069828
:108B5000C1B2761CF6B298F80000B042B8D8E0680E
:108B600000B3616851F83710496C0E88D6B130F9FE
:108B7000150000E010E0F8F799FC002000904FF499
:108B80007A7006FB00F3294620462269FCF7E4FED2
:108B9000E16821F815000EE06069A26901210089F1
:108BA000128930B907E001290AD004291BD0052910
:108BB0003CD09042F7D9002009B0BDE8F08F3BE0EF
:108BC000B9F80060D4F8043053F8301049690988C6
:108BD000B14201D1042116E06D1C401C80B2EDB2FF
:108BE0009042F1D9E7E7616851F83010096A0B78D3
:108BF000FD2B07D0D9B2FC2908D0FF291ED0FE29B1
:108C00001CD019E005219042CFD9D4E7A36805EB29
:108C1000C50113F81160F60706D0062000EB4100ED
:108C20001918D4F8E0012CE09042C4D86A462946CD
:108C30002046FEF7D0FA08B3FF20BDE7A16805EB98
:108C4000C506022000EB4607C85FF8F72FFCA168B5
:108C5000C853A168042000EB4607C85FF8F726FC5C
:108C6000A168C853A06810F8161021F0010100F89F
:108C7000161029462046FCF7F5FC9CE76946D4F817
:108C8000E001FEF709FC96E72DE9F04F8DB00446B0
:108C900000200C906669A3690D4630881A8800216F
:108CA000D8B14FF0040C904217D867680CEBC0089D
:108CB00017F80880B8F1010F75D957F83070B5F87A
:108CC00000807F693F68474502D10126039121E07A
:108CD000491C401CC9B280B2E5E770885E8800215B
:108CE000002860D00423B0425DD8626803EBC0075F
:108CF000D75D032F57D952F830202F88126A126897
:108D0000BA4212D103916168022651F83000C06A5C
:108D100000780C90E87800274FF00069082809D007
:108D2000CDE90079002332468FE0491C401CC9B2CE
:108D300080B2D8E702AB324620460399FFF76FF8BE
:108D4000C8B9012E02D0022E0BD014E09DF80810F5
:108D500001EB810104EB011191F82A1004291DD0C7
:108D600009E09DF8081001EB810104EB011191F875
:108D70002A10052912D029794909DFF84084DFF843
:108D800040A405F108020DF1180B0B92072960D2DF
:108D9000DFE801F00AFCFBFA85F9F800297980295F
:108DA0007DD00621E9E754E0012E02D0002877D0DB
:108DB00049E0E8BB9DF8080000EB800004EB0010E0
:108DC00090F82A1002293ED1B0F97200411C19D046
:108DD000F8F76CFB9DF80810FA4B01EB810104EBEE
:108DE0000111F94AA1F8720000979DF80810204679
:108DF000FCF7B2FD9DF8081001EB810104EB0111B5
:108E0000A1F872009DF8080000EB800004EB001050
:108E1000018E059190F8328090F82B102879C0F3DC
:108E2000001291427ED1C0F34200C0F1070200E07F
:108E300009E06B1D09929DF808102046FCF770FDB3
:108E4000002870D10BE00023E8E320460399FEF7E9
:108E500076FF0DB0FF20BDE8F08F059BF3E39DF892
:108E60000800202100EB800004EB001090F82B009C
:108E700041EA00108DF81800012059460F54401C9B
:108E80000828FBD306AB31462046039A01F090FB3D
:108E90009DF8080000EB800004EB001001E091E376
:108EA00017E090F82B1079B15FF0000180F82B10DB
:108EB0002879C0076BD09DF808102046FCF718FDF4
:108EC00020B1CDE90080C8E70121EFE79DF8081047
:108ED000FEE39DF8080000EB800004EB001090F822
:108EE0002A100329AFD1B0F97200411C19D0F8F74C
:108EF000DDFA9DF80810B34B01EB810104EB011181
:108F0000B14AA1F8720000979DF808102046FCF7BE
:108F100023FD9DF8081001EB810104EB0111A1F87C
:108F2000720001E08FE08FE09DF8080000EB800008
:108F300004EB0010018E059190F8328090F82B1010
:108F40002879C0F3001291427DD1C0F34200C0F1F4
:108F500007026B1D09929DF808102046FCF7E0FC03
:108F6000002871D19DF8080000EB800004EB001090
:108F700090F82B10F9B1002180F82B102879C00748
:108F80001BD005E0F4E35FE324E229E121E023E3E1
:108F90009DF8080000EB800004EB0010B0F97200AF
:108FA000F8F784FA9DF8081001EB810104EB011138
:108FB000A1F87200E2E10121DEE7602040EA011041
:108FC0008DF81800012059460F54401C0828FBD387
:108FD000FFE1012E62D0002884D19DF8080000EB4B
:108FE000800004EB001090F82A100229F4D1B0F9A7
:108FF0007200411C19D0F8F759FA9DF80810714B0E
:1090000001EB810104EB01116F4AA1F87200009796
:109010009DF808102046FCF79FFC9DF8081001EB16
:10902000810104EB0111A1F872009DF8083003EBF7
:10903000830004EB0010018E059190F8328090F8C7
:109040002B00297901E082E098E0C1F30011884209
:109050007DD109AA19462046FEF7FEFE0998002890
:109060008FD007289DF8080000EB800004EB00106B
:1090700090F82B106CD9E9B35FF0000280F82B2038
:1090800010018DF818009DF808100BF1010307225C
:109090002046FFF705F8002870D19AE1B5F80510D1
:1090A000059195F807A040B102AA31462046FEF787
:1090B0009EFE28B1CDE900A8CFE6CDE900A8CCE618
:1090C0000220CDE900A09DF808102046059B039AD8
:1090D000FEF766FF28794108C90724D09DF80810DB
:1090E000C0F38100C0F1040001EB8101099004EBA1
:1090F000011100E047E048639DF8081020460B9BF3
:10910000099AFCF70DFC08BB9DF808102046FCF7F7
:10911000EFFB10B1CDE900A09FE69DF808102046B6
:1091200001F08AF918E0C00716D0287A697AEA7A3D
:1091300000EB0121A87A000400EB02600A180992F2
:109140009DF80810204601F041FB28B101E0D1E173
:109150001BE0CDE900A980E660208DF81800059895
:109160008DF81900000A8DF81A008DF81BA0042054
:1091700059460F54401C0828FBD32AE19CE02046A6
:109180000C99904728E2012278E7F9B15FF00001DD
:1091900080F82B10099A0801C2F1070140EA41004A
:1091A0009DF80850401C8DF818000BF1010329466A
:1091B0002046FEF775FF00287ED109E02100000857
:1091C00000000305C0C62D00755800080121DFE727
:1091D0005946099800E00F54401C0828FBD3F8E0DA
:1091E000012E45D000287FF4E3AD9DF8080000EB88
:1091F000800004EB001090F82A100329F3D1B0F995
:109200007200411C19D0F8F751F99DF8081001EBD4
:10921000810104EB0111A1F87200FE4BFE4A009798
:109220009DF808102046FCF797FB9DF8081001EB0D
:10923000810104EB0111A1F872009DF8080000EB18
:10924000800004EB0010B0F830A090F8328028794C
:109250004108C90772D0C0F38100C0F1040209922D
:109260009DF8081020460B9BFCF75AFBF0BB6BE007
:10927000B5F80510ED798A4650B102AA314620466C
:10928000FEF7B5FD30B15346CDE900583246DCE576
:109290000B46F9E70320CDE9005053469DF808102E
:1092A0002046039AFEF77CFE9DF808102046FEF744
:1092B000FCFF30B1534600E059E1CDE900503246A1
:1092C000C3E509AA9DF808102046FEF7C5FD099AD6
:1092D000042A16D941208DF818008DF819A04FEAFC
:1092E0001A208DF81A008DF81B5000E063E08DF80D
:1092F0001C20100A8DF81D00100C8DF81E00100E99
:1093000020E2C2F10400432141EA80008DF81800F8
:109310008DF819A04FEA1A208DF81A008DF81B500D
:109320000BF104039DF808102046FEF7B9FE08B1C2
:1093300053463BE109985946001D02E028E00F54CE
:10934000401C0828FBD31CE19DF8080000EB8000BE
:1093500004EB0010B0F97200F8F7A8F89DF80810B7
:1093600001EB810104EB0111A1F872009DF80810D6
:10937000099801EB810104EB011148639DF8081085
:10938000012001EB810104EB011181F82A004FE17A
:10939000C00715D0287A697AEA7A00EB0120A97A09
:1093A000090401EB0261421809929DF80810204659
:1093B00001F00CFA20B153463246CDE9008944E56C
:1093C00060208DF81800012059460F54401C0828D1
:1093D000FBD32BE2012E52D000287FF4E9AC9DF89C
:1093E000080000EB800004EB001090F82A1002291E
:1093F000F3D1B0F97200411C19D0F8F757F89DF875
:109400000810844B01EB810104EB0111824AA1F8A1
:10941000720000979DF808102046FCF79DFA9DF811
:10942000081001EB810104EB0111A1F872009DF815
:10943000081001EB810004EB00122046B2F83080E6
:1094400092F8325009AAFEF707FD099A002A3FF464
:1094500098AD9DF80810072A01EB810004EB00107D
:1094600090F82B004FEA001071D98DF818000BF11D
:10947000010307222046FEF713FEE0BBD6E10028D9
:10948000ABD19DF8080000EB800004EB001090F8D1
:109490002A100329A1D1B0F97200411C19D0F8F7A4
:1094A00005F89DF808105B4B01EB810104EB0111FD
:1094B000594AA1F8720000979DF808102046FCF761
:1094C0004BFA9DF8081001EB810104EB0111A1F8A2
:1094D00072009DF8081001EB810004EB0010028E71
:1094E000059290F832802A7990F82B00C2F300128E
:1094F000904204D000E058E0CDE9008AADE409AA2A
:109500002046FEF7A9FC9DF80810099A01EB81009E
:1095100004EB0010072A90F82B004FEA001019D92D
:109520008DF818000BF1010307222046FEF7B8FD65
:10953000E8B99DF8080000EB800004EB001090F8FB
:109540002B1029B15FF0000180F82B106EE11FE0B5
:109550000121F9E7C2F1070340EA4300401C8DF8FE
:1095600018000BF101032046FEF79AFD10B1CDE97A
:10957000008972E45946099800E00F54401C0828FD
:10958000FBD306AB31462046039A01F011F89DE467
:10959000C2F1070340EA4300401C8DF818000BF1AC
:1095A00001032046FEF77CFD20B14346CDE900597A
:1095B00032464AE45946099800E00F54401C0828F6
:1095C000FBD333E1AA7A2989012E62F31F41EA7A9B
:1095D00041EA026501D018B150E20028D7D04DE22F
:1095E0009DF8080000EB800004EB0010B0F9720059
:1095F000F7F75CFF9DF8081001EB810104EB011106
:10960000A1F872009DF80810802001EB810104EBA5
:10961000011104E0C0C62D007558000840E081F833
:109620002A009DF8080000EB800004EB0010C562E2
:109630009DF8080000EB800004EB0010426F002A48
:109640007FF49DAD1AE23AE32979012E01F0030A75
:109650000BD0BAF1000F78D0BAF1020F75D0BAF181
:10966000010F3FF48EACFFF7EEBBBAF1000F09D04B
:10967000BAF1010F6CD0BAF1020F7AD0BAF1030F30
:1096800077D0FBE1B5F80510EF79894638B102AA29
:1096900031462046FEF7ABFB30B14B4600E00B46AF
:1096A000CDE900783246F2E50520CDE900704B4661
:1096B0009DF808102046039AFEF772FC9DF80810EA
:1096C000287901EB8101C0F3800004EB011100E077
:1096D0004AE081F85C009DF80810287A01EB8101CE
:1096E00004EB011181F85D009DF808102046FEF79B
:1096F000DCFD20B1CDE900704B463246C7E509AA32
:109700009DF808102046FEF7A7FB9DF80810099861
:1097100001EB810104EB01110866C2208DF81800ED
:109720008DF819904FEA19208DF81A0009988DF8D4
:109730001C00010A8DF81D10010C8DF81B708DF8AE
:109740001E10000E8DF81F0054E3D0E000E010E082
:10975000002888D19DF8081001EB810004EB00106F
:1097600090F82A000528F4D1204600F065FEA3E316
:10977000AEE10028EDD19DF8080000EB800004EB7D
:10978000001090F82A100529E3D1B0F97200411CAD
:1097900019D0F7F78BFE9DF8081001EB810104EB5F
:1097A0000111A1F87200FE4BFE4A00979DF80810C7
:1097B0002046FCF7D1F89DF8081001EB810104EB7D
:1097C0000111A1F872009DF80800BAF1020F00EB38
:1097D000800004EB0010018E059190F83210089182
:1097E0003BD1A97980F85D10687909AA00F07F0360
:1097F0009DF808102046FEF72FFB0998B8B99DF890
:10980000080000EB800004EB001090F8651099420E
:109810000DD190F86610C12040EA81008DF8180043
:10982000012059460F54401C0828FBD3E2E29DF862
:109830000800C3EBC30200EB800004EB001191F8B9
:109840006400104488639DF8081001EB810104EB6B
:109850000111496B88423FF606AF9DF808000125CB
:1098600000EB800004EB001191F8380081F86400EF
:109870001EE000BF80F8655009AA9DF80810204638
:10988000FEF7EAFA099807281DD98DF818500BF150
:10989000010307229DF808102046FEF701FCE0BBFB
:1098A00006AB31462046039A00F082FE6D1CEDB2F5
:1098B0009DF8080000EB800004EB001090F85D10AC
:1098C000A942D7D2F8E245F080008DF818005D4635
:1098D0006B1C9DF808102046099AFEF7E1FBE0BBDF
:1098E000099800E02F54401C0828FBD3DEE0002834
:1098F0007FF4B9AE9DF8080000EB800004EB001087
:1099000090F82A100429F3D1B0F97200411C1BD041
:10991000F7F7CCFD9DF8081000E0BDE001EB8101F8
:1099200004EB01119E4BA1F872009E4A00979DF82E
:1099300008102046FCF710F89DF8081001EB810193
:1099400004EB0111A1F87200BAF1000F16D09DF8D6
:109950000810A87901EB810100E079E004EB011126
:1099600009AA81F85D0068799DF8081000F07F036E
:109970002046FEF771FA0998D0B131E09DF8080051
:1099800000EB800004EB0010018E059190F832107E
:1099900008912979C1F3800180F85C109DF80810C6
:1099A000287A01EB810104EB011181F85D002DE0C3
:1099B0009DF8080000EB800004EB001090F86510A3
:1099C00099420DD190F86610C12040EA81008DF8CF
:1099D0001800012059460F54401C0828FBD309E207
:1099E0009DF80800C3EBC30200EB800004EB0011FC
:1099F00091F86400104488639DF8081001EB810120
:109A000004EB0111496B88423FF62DAE9DF808002A
:109A1000012500EB800004EB001090F8381080F86E
:109A2000641021E080F8655009AA9DF808102046CE
:109A3000FEF712FA0998072821D98DF818500BF172
:109A4000010307229DF808102046FEF729FB18B1F4
:109A50000899CDE9001951E506AB31462046039A35
:109A600000F0A6FD6D1CEDB29DF8080000EB800033
:109A700004EB001090F85D10A942D3D21CE245F02F
:109A800080008DF818005D466B1C9DF8081020467C
:109A9000099AFEF705FB18B10898CDE900092DE5F4
:109AA000099800E02F54401C0828FBD306AB314630
:109AB0002046039A00F07CFD9DF80810099801EB00
:109AC000810104EB0111C0F1070081F86600F3E1A8
:109AD0004FF0100A012E34D000287FF4C4AD9DF859
:109AE000080000EB800004EB0010B0F97200411C8C
:109AF00019D0F7F7DBFC9DF80810294B01EB810129
:109B000004EB0111274AA1F8720000979DF8081094
:109B10002046FBF721FF9DF8081001EB810104EBC3
:109B20000111A1F872009DF8081001EB810004EB0F
:109B3000001393F86700B8B3012870D002286FD0E3
:109B4000BAE190B3287910F0010FC6D1B5F805B08D
:109B500095F8079002AA31462046FEF748F920B151
:109B6000CDE900985B46324629E40421CDE9009115
:109B70005B469DF808102046039AFEF711FA9DF8FF
:109B80000810012001EB810104EB011181F867004D
:109B900028799DF80810C0F3800001EB810105E0F1
:109BA000C0C62D0075580008F6E02BE004EB01114B
:109BB00081F85C002879800710D5287A697AEA7ADA
:109BC00000EB0120A97A090401EB026108449DF829
:109BD000081001EB810104EB01110866A0208DF84B
:109BE00018008DF81CA08DF819B04FEA1B208DF8D5
:109BF0001F708DF81A008DF81E708DF81B908DF86F
:109C00001D70F7E09DF8080000EB800004EB0010E9
:109C100090F86710012904D0022951D04CE1F0E0FE
:109C20004EE1B0F97200411C19D0F7F73FFC9DF8E6
:109C30000810BB4B01EB810104EB0111B94AA1F8FB
:109C4000720000979DF808102046FBF785FE9DF8EE
:109C5000081001EB810104EB0111A1F872002879D1
:109C600000F07F0800069DF8080000EB80000AD590
:109C700004EB001090F86510491C41457DD102218C
:109C800080F86710CBE004EB001191F86500401CF0
:109C9000404547D181F865806B1D07229DF808106B
:109CA0002046FBF73DFEE8B39DF8080000EB80007E
:109CB00004EB001292F83200CDE90009138E69E03E
:109CC0002979C9073FF4CFACB0F97200411C19D013
:109CD000F7F7ECFB9DF80810914B01EB810104EBC9
:109CE0000111904AA1F8720000979DF808102046D3
:109CF000FBF732FE9DF8081001EB810104EB011126
:109D0000A1F872009DF80810287901EB810204EB9C
:109D10000213C0F38200C0F1070220466933FBF74B
:109D2000FFFD00E0C5E048BB9DF8080000EB8000A7
:109D300004EB0010016E41B1826B914205D090F8A6
:109D40003210CDE90018038E24E0A1208DF8180010
:109D5000012059460F54401C0828FBD306AB31465E
:109D60002046039A00F024FC9DF808102046FBF7DB
:109D7000BFFD00283FF40BAC01E062E08EE09DF8EF
:109D8000081001EB810104EB011191F83220CDE9BB
:109D900000200B8E32460CE42879C00730D1012018
:109DA00083F867009DF80810287901EB810104EB26
:109DB0000111C0F3800081F85C002879800710D57C
:109DC000287A697AEA7A00EB0120A97A090401EB82
:109DD000026108449DF8081001EB810104EB0111B8
:109DE0000866A3208DF81800012059460F54401C26
:109DF0000828FBD306AB31462046039A00F0D8FB77
:109E00005AE0287900F07F08000693F8650000F119
:109E1000010037D5404514D1022083F867009DF832
:109E2000081001EB810104EB011181F865809DF8B8
:109E30000800696800EB800004EB00108166A968E7
:109E4000C166A2208DF818009DF8080006AB00EB53
:109E5000800004EB0010314690F865008DF8190081
:109E60008DF81AA007978DF81B702046039A00F012
:109E70009FFB9DF8080000EB800004EB001080F8C9
:109E8000657019E0404514D183F865806B1D072289
:109E90009DF808102046FBF743FD50B19DF80800DF
:109EA00000EB800004EB001090F83220CDE900298F
:109EB00049E7B8F1100FC4D00DB00020BDE8F08F15
:109EC0002879C2073EF4BFAFC0F38200C0F1070299
:109ED00020466933FBF724FD0028DFD19DF80800F8
:109EE00000EB800004EB0010016E39B1826B9142EF
:109EF00004D090F83220CDE9002824E7A1208DF885
:109F00001800012059460F54401C0828FBD306AB0B
:109F100031462046039A00F04BFBFFF732B80000B1
:109F2000C0C62D007558000870B5D0F8CC11044695
:109F3000884794F87E00002809D001212046FDF7CB
:109F400024F80546D4F8D01120468847284670BD2D
:109F50002DE9F041184C0F460546E6682068001DC3
:109F600000F0F7FD38B9206890F82C1001208840E7
:109F7000216981432161681C07D137B12168BDE89F
:109F8000F0410E48091D00F027BE20683544B54257
:109F90004560216805D2A06BBDE8F041091D00F0C5
:109FA00003BE606B091D00F0FFFDA06A854200D270
:109FB000A562BDE8F0810000B40B0020241C002045
:109FC0002DE9F041054600F05BFE2E4CA068401CD8
:109FD000A06020682C4F10B1606940B32DE025606F
:109FE000A068012829D1002606EB860007EB800037
:109FF00000F0CCFD761C072EF6D323488C3000F001
:10A00000C5FD2148A03000F0C1FD1F48B43000F06C
:10A01000BDFD1D48C83000F0B9FD1B48DC3000F024
:10A02000B5FD19488C3060631430A06305E02068EA
:10A03000E96AC06A884200D82560606A401C606294
:10A04000E96A0120226988401043206101EB810008
:10A0500007EB8000291D00F0BFFD00F031FE6069B4
:10A0600000280CD02068E96AC06A884207D20749F4
:10A070004FF080500860BFF34F8FBFF36F8FBDE884
:10A08000F0810000B40B0020481B002004ED00E02C
:10A0900010B5044690F8510058B101280CD00228A0
:10A0A0000FD0502080F31188BFF34F8FBFF36F8F15
:10A0B000FEE7206B00F018FE2046BDE8104000F0DF
:10A0C00013BE10BD10484FF44061420706D0C01DBA
:10A0D0000D4920F00700411AC1F540610B4A0023E9
:10A0E0000144C2E900030839183A21F00701116060
:10A0F0004B600B600B1AC0E9001393604FF00040F7
:10A100005360506170470000381C0020080C00208C
:10A11000144E154CA6F1C8074FF08058DFF84C904C
:10A1200012E000BF00F0ACFDF068C568281D00F02B
:10A1300010FDA068401EA0606068401E606000F0D6
:10A14000BFFD2846FFF7A4FF60680028EAD1386801
:10A150000128F9D9C9F80080BFF34F8FBFF36F8F83
:10A16000F2E70000101C0020B40B002004ED00E01A
:10A170002DE9F0479A46DDE9098481466FF0030333
:10A18000206B03EB82021044089E20F0070778073B
:10A1900007D0502080F31188BFF34F8FBFF36F8F2C
:10A1A000FEE7002561B1002023180A5C83F8342003
:10A1B0000A5C12B1401C1028F6D384F8435001E029
:10A1C00084F83450072E00D30626E662C4E91165F0
:10A1D000201D00F0E6FC04F1180000F0E2FC246110
:10A1E000C6F107006462A061E56484F850505246ED
:10A1F0004946384600F0CCF82060B8F1000F01D095
:10A20000C8F80040BDE8F08730B5114900E01146BC
:10A210000A688242FBD34B685C18844203D14068D1
:10A2200018444860084643681C18944209D1084CF9
:10A23000183C2468A24209D052681A4442600A6855
:10A2400012680260814200D0086030BD0460F9E706
:10A25000080C00200648416B096829B1416BC968A8
:10A26000C9684968816270474FF0FF31FAE7000022
:10A27000B40B002008484068401C4FF0500080F3A9
:10A28000118804D0BFF34F8FBFF36F8FFEE7BFF38A
:10A290004F8FBFF36F8FFEE7100C0020002804D013
:10A2A000012803D0072803D00420704702207047FC
:10A2B000062070472DE9F0410546002700F0B4FD67
:10A2C000324E306808B9FFF7FDFE706905424ED185
:10A2D000C5B3083568070ED005F00700C0F10800C7
:10A2E0000544680707D0502080F31188BFF34F8FD3
:10A2F000BFF36F8FFEE72DB37068854237D82348D0
:10A30000183001460C6801E020460C466168A942FD
:10A3100002D221680029F7D131688C4227D0076822
:10A320002168016060680837411B10290FD9601946
:10A33000420708D0502080F31188BFF34F8FBFF33E
:10A340006F8FFEE713E041606560FFF75DFF6168B6
:10A350007068401A7060B268904200D2B060706954
:10A3600001430020C4E90001F068401CF06000F0E7
:10A37000BBFF780707D0502080F31188BFF34F8FC1
:10A38000BFF36F8FFEE73846BDE8F081F00B002089
:10A3900010B5031F4FF080741C601B1F21F00101DA
:10A3A0001960191F024B0B60143940380A6010BD48
:10A3B00075A200082DE9F04704008A4616D054F82B
:10A3C000047CD4F800903E1F564500D956462046DE
:10A3D000FCF7B2F805468846324621465046FDF75E
:10A3E00025FE40B1C0F80090BDE8F087BDE8F04719
:10A3F0000846FCF7CFB844E9017955B129686A18D5
:10A40000211F8A4202D9611B091F2960C5F80480F7
:10A41000EAE7024AC2F80080E6E70000200C0020CC
:10A4200070B5054600242146284600F005F8641C56
:10A4300014F0FF04F7D070BD7CB500240D4606462D
:10A440000094234622460194FDF7AAFD05EB850002
:10A45000002206EB00108118521C81F83C40202A93
:10A46000F9D380F82940C4627CBDF0B415460E468D
:10A47000D0F8E44129463046A446F0BC1A4660476D
:10A480002DE9FF47044690F87E008946C8B1A168CF
:10A4900009EBC90511F81500C00712D160694FF02A
:10A4A000000801AA0189CDF8048001EB090086B2F9
:10A4B000CDF8088049462046CDF80C80FCF78BFE8D
:10A4C00018B1002004B0BDE8F087A068062101EBB8
:10A4D0004501415ABDF80420914211D1092101EBF7
:10A4E00045019DF80720415C914209D10A2101EB09
:10A4F00045010844082202A9F5F7C3FE0028E1D06F
:10A50000606850F83600416CC06A0E880788AEB1AA
:10A51000A168022000EB450A31F90A00F6F7C6FFF0
:10A520004FF47A7006FB00F3154A49462046CDF8F1
:10A530000080FBF711FAA26822F80A00CFB1A168E7
:10A54000042000EB4506885FF6F7B0FF6420474320
:10A550007B080C4A49462046CDF80080FBF7FCF901
:10A56000A1688853A06810F8151041F0010100F8A7
:10A57000151001AA4946204600F006F80120A1E77F
:10A58000655600088D56000830B401EBC101062461
:10A59000836804EB4101194413680B6053684B60F6
:10A5A00093688B60D0F8E00130BC1146FCF774BFB3
:10A5B0003EB590F87840052C01D07F2C09D10129B7
:10A5C000416908D0498821B1114482695288914279
:10A5D0000ED9FF203EBD09880029FAD011448269B6
:10A5E00012889142F5D8426852F83110096A03E0A6
:10A5F000426852F8311049696A460988ADF800107E
:10A6000000218DF8021008218DF803100021551843
:10A610005C5C491CC9B22C710829F8D3D0F8E00160
:10A620001146FCF739FF3EBD7CB58026DDE90654B6
:10A630008DF800608DF801301B0A8DF802308DF81E
:10A640000440230A8DF80530230C8DF80630230EC4
:10A650008DF807308DF803506B46FFF7A9FF7CBDDE
:10A6600070B5054600F006F804462846FFF75CFC86
:10A67000204670BD0EB5D0F8C4110988ADF80010A1
:10A6800000218DF802108DF80310D0F8E001694622
:10A69000FCF702FF0EBD00002DE9FF4742690029CB
:10A6A00012887DD07F297BD8FAB14368046853F8BB
:10A6B000323024785B6904F5C0651E68AE4201D073
:10A6C000FF2C02D101F5C0641C60436853F83220AE
:10A6D000136A02681D68127802F5B064A54201D0C1
:10A6E000FF2A02D101F5B0621A608469364E4269D0
:10A6F000A58806F12004928894E890118DE89011C5
:10A7000000236C46E2B91FE04768D0F800C057F854
:10A7100032709CF800A0D7F8149054F82370D9F840
:10A72000008007EB0A0CE04502D0BAF1FF0F03D11D
:10A7300007EB010CC9F800C05B1C521CDBB292B2E3
:10A74000AA4201D8042BDFD384690023303625893F
:10A75000426996E8D01012898DE8D0106C46D2B9C3
:10A760001DE04668076856F8326097F80090D6F802
:10A77000148054F82360D8F800C006EB0907BC45E4
:10A7800002D0B9F1FF0F02D10E44C8F800605B1C83
:10A79000521CDBB292B2AA4201D8042BE1D300E0F2
:10A7A0000FE00268D0F8143212781D6802F18004BC
:10A7B000A54201D0FF2A02D101F180021A6000688F
:10A7C0000170BDE8FF87000018BE0008202A01D9EB
:10A7D000FF20704701EB810100EB01104263002074
:10A7E000704700007CB5044690F87800884244D059
:10A7F000244D31B1042930D005291FD07F293FD104
:10A800000EE0D5E90001CDE90001002084F87800D0
:10A810006946204600F0A8F8D4F880102046884702
:10A82000D5E90201CDE900017F2084F8780069466E
:10A83000204600F099F8D4F884101CE000B3D5E964
:10A840000401CDE90001052084F87800694620461E
:10A8500000F08AF8D4F888100DE088B1D5E9060137
:10A86000CDE90001042084F878006946204600F014
:10A870007BF8D4F88C102046884794F878007CBD8B
:10A88000FF207CBD18BE00084FF080414A6A10448A
:10A89000C86270470EB501680122097841F4E06191
:10A8A000ADF8001000218DF802108DF804108DF81D
:10A8B0000320D0F8E0016946FCF7EEFD0EBD000074
:10A8C00038B50446B0F9C001401C02D0204600F063
:10A8D00027F8114B002241F205012046FAF7B8FF94
:10A8E0000D4B002241F206012046FAF7B1FFD4F8E1
:10A8F000C401006840000DD5D4F8C80100680028E4
:10A9000008D04308054A002120460093FBF724F8AD
:10A91000A4F8C00138BD00000D560008E959000830
:10A9200010B5002304461A4641F20501FAF790FFDC
:10A9300000231A4641F206012046FAF789FFB4F9CE
:10A94000C001F6F7B3FDA4F8C00110BD00B583B097
:10A950000A460021CDE9001101466846F6F7A9F93B
:10A96000DDE9000103B000BD2DE9F0410D460446CC
:10A97000497890F97A000126002719B148B984F87E
:10A980007A6006E0012804D184F87A702046FFF747
:10A9900047FDE878002894F87C0006D060B984F878
:10A9A0007C602046FFF78CFF06E0012804D184F884
:10A9B0007C702046FFF7B4FF2879002894F87D00CA
:10A9C00006D060B984F87D602046FDF757FB06E0AD
:10A9D000012804D184F87D702046FDF758FBA87843
:10A9E000002894F87B0006D060B984F87B6020468C
:10A9F000FDF794F906E0012804D184F87B70204625
:10AA0000FDF79CF96879002894F87E0006D060B9BB
:10AA100084F87E602046FAF74FFE06E0012804D154
:10AA200084F87E702046FAF773FE2878002894F8A0
:10AA3000790005D0002801D184F87960BDE8F08163
:10AA40000128FBD184F879702046BDE8F041FFF77A
:10AA500021BF000070B5094DFF231A4605F5807629
:10AA600006E000BF10F8014B54402A5D5A40335DA8
:10AA7000491E89B2F6D242EA032070BD18BC000814
:10AA80002DE9F04705460027481B1646894606284B
:10AA90005DDBA81CFDF7C5FC0446A0F55C414FF446
:10AAA0008060814253D3A4F55841824651451AD261
:10AAB000A81DA9EB00014FF00C08062947DB01781F
:10AAC0005C2944D14178752941D1801CFDF7A9FC4E
:10AAD000A0F55C4151453AD2C4F3090161F39F20CE
:10AAE00000F5803002E04FF006082046802801D2B1
:10AAF000012110E0B0F5006F02D20221C0270AE068
:10AB0000B0F5803F02D20321E02704E0B0F5881FB2
:10AB10001DD20421F0274A1E08E000BF00F0BF0349
:10AB2000346843F080038009A354521E12F0FF02E0
:10AB3000F4D1012901D9384301E000F07F003268E7
:10AB400010703068084430604046BDE8F08700204F
:10AB5000FBE7D0E9013201699A60D0E901235A602C
:10AB60004A68824201D182684A6000220261086814
:10AB7000401E086008687047034B036003F15400EF
:10AB800008608020106070471810002000F1080154
:10AB90004FF0FF32C0E90112C16001610021016084
:10ABA000704700210161704730B50B685A1C02D014
:10ABB00000F1080202E0026904E0224654682568B8
:10ABC0009D42FAD953684B6099608A605160086170
:10ABD0000168491C016030BD42684A6093688B601F
:10ABE00093685960916008610168491C0160704771
:10ABF00070B5124E124C0D4650B100220421304661
:10AC0000F7F7C2FD2168C86840F02000C86004E082
:10AC10002068C16821F02001C1604DB101220421EA
:10AC20003046F7F7B1FD2068C16841F0800103E0CC
:10AC30002068C16821F08001C16070BD000C014036
:10AC40001016002007480068016A41F211121142F3
:10AC500007D1016A9210114203D1016821F001016C
:10AC600001607047381300200448002102685162D7
:10AC70000068016841F0010101607047381300204D
:10AC8000502080F31188BFF34F8FBFF36F8F0A49B5
:10AC90004868401C486001280CD10848006810F042
:10ACA000FF0F07D0502080F31188BFF34F8FBFF301
:10ACB0006F8FFEE770470000100C002004ED00E0ED
:10ACC0000849486828B1401E486001D180F31188C6
:10ACD0007047502080F31188BFF34F8FBFF36F8F01
:10ACE000FEE70000100C002070B500282AD0164D99
:10ACF000A0F1080460686969084207D1502080F318
:10AD00001188BFF34F8FBFF36F8FFEE722683AB110
:10AD1000502080F31188BFF34F8FBFF36F8FFEE792
:10AD20008843606000F080F8606869680844686083
:10AD30002046FFF769FA2869401C2861BDE8704089
:10AD400000F0D2BA70BD0000F00B00204FF0E02000
:10AD500000210161816105494FF47A720968B1FBF4
:10AD6000F2F1491E4161072101617047B00B0020DB
:10AD700010B5020014D00F48006B38B1502080F39A
:10AD80001188BFF34F8FBFF36F8FFEE700F04CF8D1
:10AD900000211046FFF7DCF800F0A6FA002807D1E2
:10ADA00005494FF080500860BFF34F8FBFF36F8F9E
:10ADB00010BD0000B40B002004ED00E010B586B01B
:10ADC0000024039405AA04A903A80494FFF7D4FE61
:10ADD000DDE903010094CDE9011000230EA1104824
:10ADE000059A00F0F0F90F490028C86211D05020F0
:10ADF00080F31188BFF34F8FBFF36F8F4FF0FF3099
:10AE0000886201204861CC6006B0BDE8104000F0C7
:10AE100059B906B010BD000049444C45000000007F
:10AE200011A10008B40B00200248016B491C01630A
:10AE300070470000B40B00201448016B11B10121D0
:10AE4000C16170470021C1610169B1FA81F1C1F1AD
:10AE50001F0101EB81020E4951F822306BB101EB69
:10AE6000820101F108034A6852684A609A4201D19E
:10AE700052684A60D16801607047502080F31188A1
:10AE8000BFF34F8FBFF36F8FFEE70000B40B0020BE
:10AE9000481B00200549024600204B78002B04D0B7
:10AEA00008781070002048700120704708010020C9
:10AEB000024900204870012070470000080100206E
:10AEC000024901224A7008701046704708010020AC
:10AED00002490968017001207047000004440040E5
:10AEE00010B51648144C029AC0E900410021012A0D
:10AEF00001D0022A12D0C1600C22C0E905214FF412
:10AF00008052C161012B0DD0022B0ED001618160F6
:10AF10000A48F9F767F868B1002010BD4FF40052F5
:10AF2000C260E9E74FF4C06101E04FF480618260E4
:10AF30000161EDE7012010BD004400401016002023
:10AF400001490860012070470444004030B587B0D3
:10AF500000251A4C00950195029503950495164914
:10AF60000595216040F60F61401E6160C4E9025002
:10AF700025612046A561F8F7D7FC70B94FF48050E1
:10AF8000009069462046F8F780FD30B9049504A981
:10AF900020460595F8F794FC10B1002007B030BDAD
:10AFA00021686FF0010008612068C16841F001016B
:10AFB000C1600120F2E700000004004038130020C7
:10AFC00038B5174C0025207808B1AFF300806846EB
:10AFD000FFF77EFF607830B1124A012807D00228BF
:10AFE00010D0032801D1FFF73FFE284638BD0020CE
:10AFF000A0809DF80000A1880A44491CA18010701F
:10B0000002200BE0A088FF2807D89DF80010A08838
:10B010000244401CA0801170E5E703206070E2E765
:10B02000E80000209017002070B50E4D00246878CD
:10B0300070B102280BD003280DD0687858B1687819
:10B04000022808D06878032805D0AFF300800120DB
:10B05000FFF736FF0446FFF7F5FD01206870204634
:10B0600070BD0000E800002070B5154C0025607828
:10B07000012801D0AFF30080207810B101281CD145
:10B0800004E000210120FFF7B3FD16E0608850B115
:10B09000A0680078FFF754FFA068401CA06060889B
:10B0A000401E608009E00320FFF70AFF05460021EB
:10B0B0000120FFF79DFD00202070284670BD000094
:10B0C000E80000201CB5264908780190FF20087090
:10B0D00008788DF800009DF800009DF8002000F031
:10B0E000F000904207D0502080F31188BFF34F8FBB
:10B0F000BFF36F8FFEE79DF800001A4C00F0500080
:10B1000020700720A06005E09DF8002052008DF817
:10B110000020401E9DF800201206F5D4A0600328F0
:10B1200007D0502080F31188BFF34F8FBFF36F8F8C
:10B13000FEE74FF44070A060019808700A4801686B
:10B1400041F470010160016841F070410160FFF756
:10B15000FDFD00206060F4F7E7FF00201CBD00004B
:10B1600000E400E0100C002020ED00E02DE9FF5F7E
:10B170008346DDE90E87994616468A469000FFF71A
:10B1800099F805001CD05420FFF794F8040014D05F
:10B190000020256384F85100CDE90240CDE9008705
:10B1A0004B46324651465846FEF7E2FF2046FEF730
:10B1B00007FF012004B0BDE8F09F2846FFF794FD8B
:10B1C0004FF0FF30F6E7F0B585B0DDE90B640A9D7E
:10B1D000A6B1DCB1542700972663022684F851609B
:10B1E000002604AFCDE90246CDE90057FEF7C0FFC7
:10B1F0002046FEF7E5FE049805B0F0BD502080F330
:10B200001188BFF34F8FBFF36F8FFEE7502080F39D
:10B210001188BFF34F8FBFF36F8FFEE72DE9F04129
:10B220002F4C0026206B28B1A069401CA06130463D
:10B23000BDE8F081E5686D1CE56013D1606B0068C6
:10B2400038B1502080F31188BFF34F8FBFF36F8F59
:10B25000FEE7606BA16B6163A063206A401C206203
:10B26000FEF7F8FFA06ADFF87C80854209D3606BA7
:10B270000068A0B1606BC068C7687868854211D269
:10B28000A0622068C06A00EB800158F82100012804
:10B2900000D90126E0690028C9D00126C7E74FF090
:10B2A000FF30EDE7381DFFF754FCB86A18B107F11D
:10B2B0001800FFF74EFCF96A01202269884010430C
:10B2C000206101EB810108EB8100391DFFF784FC4F
:10B2D000F86A2168C96A8842C9D30126C7E7000015
:10B2E000B40B0020481B00202DE9F0472C4D002412
:10B2F0002746286B38B1FFF7C3FC286B401E286334
:10B30000286B40B146E0502080F31188BFF34F8F87
:10B31000BFF36F8FFEE7A968224E0120D1B3A6F1DB
:10B32000B40980463068E8B1F068C46804F11800D8
:10B33000FFF70FFC201DFFF70CFCE06A2A6908FAF2
:10B3400000F11143296100EB800109EB8100211D0F
:10B35000FFF742FCE06A2968C96A8842E2D3C5F86F
:10B360001C80DFE70CB1FEF775FFAC6944B14646BF
:10B37000FFF754FF00B1EE61641EF9D10020A8610F
:10B38000E86938B10849012738070860BFF34F8FD3
:10B39000BFF36F8FFFF794FC3846BDE8F0870000DD
:10B3A000B40B0020FC1B002004ED00E000000000B6
:10B3B00000000000002F000000000700070000143C
:10B3C0007F147F1400242A7F2A120062640813234A
:10B3D00000364955225000000503000000001C22E1
:10B3E0004100000041221C000014083E081400081F
:10B3F000083E0808000000A06000000808080808CF
:10B40000000060600000002010080402003E514966
:10B41000453E0000427F4000004261514946002104
:10B4200041454B31001814127F100027454545391E
:10B43000003C4A4949300001710905030036494979
:10B44000493600064949291E000036360000000032
:10B45000563600000008142241000014141414147D
:10B460000000412214080002015109060032495926
:10B47000513E007C1211127C007F49494936003E42
:10B4800041414122007F4141221C007F49494941FD
:10B49000007F09090901003E4149497A007F0808F7
:10B4A000087F0000417F4100002040413F01007FB4
:10B4B00008142241007F40404040007F020C027F80
:10B4C000007F0408107F003E4141413E007F090992
:10B4D0000906003E4151215E007F091929460046B8
:10B4E000494949310001017F0101003F4040403F8F
:10B4F000001F2040201F003F4038403F00631408D9
:10B5000014630007087008070061514945430000B3
:10B510007F41410000552A552A55000041417F00D6
:10B5200000040201020400404040404000000102CB
:10B530000400002054545478007F484444380038B4
:10B540004444442000384444487F0038545454183C
:10B5500000087E0901020018A4A4A47C007F08044E
:10B5600004780000447D4000004080847D00007F1E
:10B57000102844000000417F4000007C041804783B
:10B58000007C0804047800384444443800FC242437
:10B5900024180018242418FC007C0804040800481F
:10B5A0005454542000043F444020003C4040207C40
:10B5B000001C2040201C003C4030403C004428102F
:10B5C0002844001CA0A0A07C004464544C441414E3
:10B5D000141414140000000000000000000000001B
:10B5E00000000000000000F8000000000000003330
:10B5F0003000000000100C06100C060000000000D7
:10B600000000000040C07840C0784000043F0404BF
:10B610003F040400007088FC08300000001820FF80
:10B62000211E0000F008F000E018000000211C03BB
:10B630001E211E0000F00888700000001E21232437
:10B640001927211010160E00000000000000000055
:10B6500000000000000000E01804020000000007E5
:10B660001820400000020418E000000000402018EC
:10B6700007000000404080F0804040000202010FBF
:10B6800001020200000000F0000000000101011FA3
:10B6900001010100000000000000000080B0700007
:10B6A0000000000000000000000000000001010197
:10B6B0000101010100000000000000000030300026
:10B6C0000000000000000000806018040060180600
:10B6D0000100000000E010080810E000000F10203A
:10B6E00020100F00001010F8000000000020203F84
:10B6F000202000000070080808887000003028240E
:10B7000022213000003008888848300000182020AE
:10B7100020110E000000C02010F8000000070424D3
:10B72000243F240000F80888880808000019212018
:10B7300020110E0000E0108888180000000F112072
:10B7400020110E0000380808C83808000000003F2B
:10B75000000000000070880808887000001C22218A
:10B7600021221C0000E010080810E0000000312237
:10B7700022110F00000000C0C000000000000030D7
:10B780003000000000000080000000000000806029
:10B7900000000000000080402010080000010204AA
:10B7A0000810200040404040404040000404040491
:10B7B000040404000008102040800000002010084D
:10B7C00004020100007048080808F0000000003082
:10B7D00036010000C030C828E810E0000718272410
:10B7E00023140B000000C038E0000000203C2302BE
:10B7F0000227382008F8888888700000203F202021
:10B8000020110E00C0300808080838000718202052
:10B810002010080008F808080810E000203F202049
:10B8200020100F0008F88888E8081000203F20202A
:10B830002320180008F88888E8081000203F20001E
:10B8400003000000C0300808083800000718202056
:10B85000221E020008F808000008F808203F210115
:10B8600001213F20000808F8080800000020203FC0
:10B870002020000000000808F8080800C080808030
:10B880007F00000008F888C028180800203F200129
:10B890002638200008F8080000000000203F202083
:10B8A0002020300008F8F800F8F80800203F003F9A
:10B8B000003F200008F830C00008F808203F2000B2
:10B8C00007183F00E01008080810E0000F102020C3
:10B8D00020100F0008F808080808F000203F210198
:10B8E00001010000E01008080810E0000F182424EF
:10B8F00038504F0008F8888888887000203F200062
:10B90000030C302000708808080838000038202117
:10B9100021221C00180808F8080818000000203F21
:10B920002000000008F808000008F808001F202088
:10B9300020201F000878880000C838080000073859
:10B940000E010000F80800F80008F800033C0700AA
:10B95000073C0300081868808068180820302C0312
:10B96000032C30200838C800C83808000000203FE9
:10B970002000000010080808C838080020382621D8
:10B9800020201800000000FE020202000000007FDC
:10B9900040404000000C30C00000000000000001EA
:10B9A0000638C00000020202FE00000000404040D5
:10B9B0007F000000000004020202040000000000FA
:10B9C0000000000000000000000000008080808077
:10B9D000808080800002020400000000000000005F
:10B9E00000000000000080808080000000192422F8
:10B9F00022223F2008F8008080000000003F112034
:10BA000020110E000000008080800000000E112038
:10BA100020201100000000808088F800000E112016
:10BA200020103F200000808080800000001F222224
:10BA300022221300008080F0888888180020203F90
:10BA4000202000000000808080808000006B9494A3
:10BA50009493600008F8008080800000203F21005F
:10BA600000203F2000809898000000000020203F28
:10BA700020200000000000809898000000C0808016
:10BA8000807F000008F8000080808000203F2402B2
:10BA90002D302000000808F8000000000020203FA2
:10BAA000202000008080808080808000203F200057
:10BAB0003F20003F8080008080800000203F2100E8
:10BAC00000203F200000808080800000001F202098
:10BAD00020201F00808000808000000080FFA120C7
:10BAE00020110E000000008080808000000E1120D8
:10BAF00020A0FF80808080008080800020203F2167
:10BB00002000010000008080808080000033242419
:10BB100024241900008080E0808000000000001FC5
:10BB2000202000008080000000808000001F202076
:10BB300020103F20808080000080808000010E3037
:10BB40000806010080800080008080800F300C0398
:10BB50000C300F0000808000808080000020312E9B
:10BB60000E312000808080000080808080818E7077
:10BB70001806010000808080808080000021302C29
:10BB80002221300000000000807C02020000000042
:10BB9000003F404000000000FF00000000000000E7
:10BBA000FF0000000002027C800000000040403FD7
:10BBB0000000000000060101020204040000000071
:10BBC00000000000ACBF0008E752000800000000C1
:10BBD00000000000800000000000000000000000E5
:10BBE0009CBF0008014D000800000000000000009C
:10BBF000800000000000000000000000A4BF00085A
:10BC00001113000800000000000000008000000088
:10BC1000000000000000000000C1814001C0804120
:10BC200001C0804100C1814001C0804100C181400C
:10BC300000C1814001C0804101C0804100C18140FC
:10BC400000C1814001C0804100C1814001C08041EC
:10BC500001C0804100C1814001C0804100C18140DC
:10BC600000C1814001C0804100C1814001C08041CC
:10BC700001C0804100C1814000C1814001C08041BC
:10BC800001C0804100C1814001C0804100C18140AC
:10BC900000C1814001C0804101C0804100C181409C
:10BCA00000C1814001C0804100C1814001C080418C
:10BCB00001C0804100C1814000C1814001C080417C
:10BCC00001C0804100C1814001C0804100C181406C
:10BCD00000C1814001C0804100C1814001C080415C
:10BCE00001C0804100C1814001C0804100C181404C
:10BCF00000C1814001C0804101C0804100C181403C
:10BD000000C1814001C0804100C1814001C080412B
:10BD100001C0804100C1814000C0C101C30302C213
:10BD2000C60607C705C5C404CC0C0DCD0FCFCE0E7B
:10BD30000ACACB0BC90908C8D81819D91BDBDA1AEB
:10BD40001EDEDF1FDD1D1CDC14D4D515D71716D65B
:10BD5000D21213D311D1D010F03031F133F3F232CB
:10BD600036F6F737F53534F43CFCFD3DFF3F3EFE3B
:10BD7000FA3A3BFB39F9F83828E8E929EB2B2AEAAB
:10BD8000EE2E2FEF2DEDEC2CE42425E527E7E6261B
:10BD900022E2E323E12120E0A06061A163A3A2628B
:10BDA00066A6A767A56564A46CACAD6DAF6F6EAEFB
:10BDB000AA6A6BAB69A9A86878B8B979BB7B7ABA6B
:10BDC000BE7E7FBF7DBDBC7CB47475B577B7B676DB
:10BDD00072B2B373B17170B050909151935352924B
:10BDE00096565797559594549C5C5D9D5F9F9E5EBB
:10BDF0005A9A9B5B99595898884849894B8B8A4A2B
:10BE00004E8E8F4F8D4D4C8C44848545874746869A
:10BE10008242438341818040010000000000000015
:10BE20000001010101000100000101010101000008
:10BE300000000000010001000002000000030000FB
:10BE400000040000000500008001000080020000E6
:10BE500080030000800400000100000010010020A9
:10BE600001000010200100200100011060010020ED
:10BE700005001810A801002003000012E0010020B6
:10BE8000070000144802002007000114B00200203F
:10BE90000700021418030020070003147003002099
:10BEA00009000016E00300200900011650040020DC
:10BEB00009000216C00400200900031640050020F6
:10BEC00007000018A8050020070001181006002030
:10BED000070002187806002007000318D00600208B
:10BEE0000900001A400700200900011AB0070020CD
:10BEF0000900021A200800200900031A90080020F7
:10BF00000B00002003000000040008000C001000DB
:10BF10000300000007000B000F00130015000102D2
:10BF200002030405060708090A0B0C0D0E0F10107A
:10BF3000010202030405060708090A0B0C0D0E0F87
:10BF400010100000000000000000010203040607BA
:10BF500008090000000001020304DDDDDDDDDCBBBB
:10BF6000BBDDDDDDDDDDDDDDDDDD98888888888811
:10BF70008888777777777788888885555556666675
:10BF80006666666666666668888883333332222210
:10BF90002222222222222228888D00004D51545430
:10BFA0000000000043414E6F70656E004D6F64628B
:10BFB00075730000D4BF000800000020280C0000AA
:10BFC000E00E000820C30008280C0020102200000A
:10BFD000F465000801101395651B08390413B5A317
:10BFE0001208021A01022B023211138D772B08045A
:10BFF0000812763308031A29083210139D78330883
:10C00000061A070832171AEF1829771345753308EF
:10C01000051AB138320F1A392029741AB71801409D
:10C020001A01016908690A79D8220729A8130C01A5
:10C030003A20101985291D5A1C100110D280293A66
:10C04000E169401A4E40695C9A500C9A540C9A5817
:10C050000C2A5C0C411A0664194469489A9C249A7B
:10C06000A00C1AA40C192B19290914802ACCC05928
:10C070002C2AD00C59182AD40C193929379AD618D9
:10C080009AD8189ADA186ADC680A1403688B3402A2
:10C09000682A380C59182A3C0C59509A3E189A4074
:10C0A000189A42181A440C396829490911689A9C4F
:10C0B000689AA0389AA4509AA6189AA8189AAA180A
:10C0C0006AAC6819100912688B0403682A080C59B5
:10C0D000182A0C0C59509A0E189A10189A12181AFD
:10C0E000140C5A086829109A6C588BEC180C9AF0AA
:10C0F0000C9AF40C9AF80C9AFC0C118A190C9A04FC
:10C100000C1A080CA9709ADC709A0C289A100C9AD8
:10C11000140C9A180C9A1C0C9A200C9A240CDA28ED
:10C12000708B4C041C9A2C289A300C9A340C9A3838
:10C130000C9A3C0C9A400C9A440CDA48709ABC70E9
:10C140009A4C289A500C9A540C9A580C9A5C0C9A57
:10C15000600C9A640C1A680C32062A806DB15A027F
:10C16000809B2C05E4290C59182A340C1939320209
:10C170009A36189A38189A3A181A3C0C39682919BC
:10C180000911689A94689A98389A9C509A9E189ABD
:10C19000A0189AA2186AA4680A1403689AFC68197D
:10C1A0004079382A040C59509A06189A08189A0AA5
:10C1B000181A0C0C396839490910682A642C596816
:10C1C0009A68389A6C509A6E189A70189A72181A5F
:10C1D000740C420859109ACC588B081A0C9A0C0C03
:10C1E0009A100C9A140C9A180C9A1C0C9A200C1A7F
:10C1F000240CA9708B3C071C9A28289A2C0C9A3086
:10C200000C9A340C9A380C9A3C0C9A400CDA447014
:10C210009AAC709A48289A4C0C9A500C9A540C9AE2
:10C22000580C9A5C0C9A600CDA64708B1C081C9A8F
:10C2300068289A6C0C9A700C9A740C9A780C9A7CF8
:10C240000C9A800C1A840C320A5A02702A8C70598B
:10C250000C1B90180C1A061C319A920C9A940C9A8A
:10C26000960C9A980C9A9A0C9A9C0C9A9E0C2AA05E
:10C270000C596C2AA20C111AFF01E1093212130A9F
:10C280000114205CBE2C081409542113CD64140839
:10C2900004BF1B0810041A1C041A581C13515D0219
:10C2A0004A084980720F1357681B0875041A6904FD
:10C2B0008BA371681A44981A480413980B1B204CDE
:10C2C0000829361A55240A270F0101561AFF011AA8
:10C2D00067881A3C941A3E04018023FFFF1A3488B1
:10C2E0001A38041A73981A6F041A6B041A6D0481B1
:10C2F00013295C8C08A5711002100119111A2C4029
:10C300001A30041A1C040A2140D85A716029802965
:10C310002E295482100361127A1AAA01011000001A
:04000005080000ED02
:00000001FF
